date,au_ww,au_au,au_as,au_af,au_eu,au_sa,au_na
2020-01-01,3487,825,538,82,168,666,1056
2020-01-02,3539,780,953,75,171,400,928
2020-01-03,3346,548,940,144,219,435,1047
2020-01-04,3346,717,581,133,173,575,1060
2020-01-05,3479,683,1082,57,75,516,1124
2020-01-06,3360,832,608,114,173,681,1131
2020-01-07,3288,641,651,134,167,539,1131
2020-01-08,3265,773,430,69,168,765,1081
2020-01-09,3316,773,424,45,183,828,1156
2020-01-10,3174,541,1141,48,146,357,1052
2020-01-11,3249,840,1096,65,75,346,892
2020-01-12,3487,712,867,68,203,542,1128
2020-01-13,3454,601,608,154,171,797,1041
2020-01-14,3106,644,482,111,206,762,1054
2020-01-15,3308,506,865,144,92,746,885
2020-01-16,3326,699,780,90,193,494,862
2020-01-17,3375,653,725,95,105,587,1106
2020-01-18,3118,616,860,124,152,561,921
2020-01-19,3222,815,766,56,93,684,885
2020-01-20,3299,503,954,160,200,525,1066
2020-01-21,3067,589,729,82,215,660,938
2020-01-22,3236,685,940,69,80,319,1086
2020-01-23,3337,799,943,141,190,319,839
2020-01-24,3115,759,626,104,72,746,882
2020-01-25,3166,668,657,130,196,574,1021
2020-01-26,3318,516,1405,77,91,351,902
2020-01-27,3339,638,743,79,145,695,1046
2020-01-28,3207,512,746,66,158,618,998
2020-01-29,3146,576,1178,39,65,368,875
2020-01-30,3136,486,948,78,116,465,973
2020-01-31,2993,725,476,102,161,578,960
2020-02-01,2883,582,937,89,162,456,813
2020-02-02,3110,678,951,33,70,374,870
2020-02-03,3279,615,588,101,65,727,1065
2020-02-04,2863,675,798,42,90,374,974
2020-02-05,3046,705,557,107,188,402,942
2020-02-06,3042,620,936,145,119,316,859
2020-02-07,2916,488,747,127,68,527,1018
2020-02-08,2943,747,949,47,79,387,787
2020-02-09,3032,429,503,113,156,683,974
2020-02-10,2735,714,290,108,199,740,857
2020-02-11,2935,538,860,64,190,279,907
2020-02-12,2989,675,512,120,151,450,958
2020-02-13,2856,698,576,142,86,649,839
2020-02-14,3137,693,490,84,90,544,1047
2020-02-15,2917,457,930,126,179,302,1024
2020-02-16,2958,521,559,122,171,731,950
2020-02-17,3161,729,447,60,176,678,1045
2020-02-18,3236,652,802,152,118,435,955
2020-02-19,3051,799,700,42,132,501,893
2020-02-20,2944,469,1115,146,152,295,854
2020-02-21,3157,609,929,57,110,430,911
2020-02-22,3075,606,606,39,98,742,919
2020-02-23,3110,526,1053,123,91,533,870
2020-02-24,3274,740,708,146,139,644,820
2020-02-25,2926,717,713,105,95,576,766
2020-02-26,2917,658,643,135,191,397,986
2020-02-27,3010,598,1259,39,65,383,817
2020-02-28,2955,438,1033,132,102,420,872
2020-02-29,3052,494,820,35,61,548,1003
2020-03-01,3284,554,1093,82,145,308,834
2020-03-02,3327,566,934,129,202,325,923
2020-03-03,2840,663,473,127,122,725,850
2020-03-04,3048,501,1047,90,59,407,946
2020-03-05,3000,702,509,148,146,611,935
2020-03-06,2867,496,1085,35,71,346,827
2020-03-07,2978,645,762,83,130,642,800
2020-03-08,3218,513,983,119,136,515,845
2020-03-09,3216,670,910,41,79,383,976
2020-03-10,2848,502,579,141,197,639,903
2020-03-11,3004,630,645,143,107,730,761
2020-03-12,2915,475,1007,42,81,598,862
2020-03-13,3115,523,722,126,144,466,1024
2020-03-14,3065,678,603,30,190,700,849
2020-03-15,2968,781,554,75,130,687,901
2020-03-16,3039,663,912,62,114,504,860
2020-03-17,2896,429,629,71,161,673,1063
2020-03-18,3098,635,762,129,77,640,736
2020-03-19,3061,581,559,47,124,687,940
2020-03-20,2892,604,750,121,71,497,925
2020-03-21,2844,698,640,50,150,414,1004
2020-03-22,3214,562,694,116,131,542,1031
2020-03-23,3236,538,1097,81,101,296,909
2020-03-24,3089,479,951,45,66,396,970
2020-03-25,2905,697,859,137,91,367,759
2020-03-26,3020,554,1025,81,202,363,850
2020-03-27,2919,473,890,37,66,558,1017
2020-03-28,3106,724,555,41,110,645,892
2020-03-29,3017,532,619,103,126,732,897
2020-03-30,3043,550,670,100,183,534,983
2020-03-31,2865,545,529,108,155,666,924
2020-04-01,2895,545,642,119,160,490,923
2020-04-02,2852,499,677,99,91,646,876
2020-04-03,2983,679,639,129,67,580,756
2020-04-04,2725,621,558,37,176,612,918
2020-04-05,3086,513,727,138,127,615,852
2020-04-06,2983,592,578,138,149,474,1074
2020-04-07,2753,461,722,94,70,671,798
2020-04-08,2753,635,459,128,118,654,921
2020-04-09,2931,689,674,129,189,372,795
2020-04-10,2779,659,682,56,112,474,814
2020-04-11,2704,569,621,125,148,483,875
2020-04-12,2964,446,1019,82,120,303,871
2020-04-13,2786,491,658,150,125,614,963
2020-04-14,2927,563,651,73,110,636,864
2020-04-15,2747,549,839,125,103,331,832
2020-04-16,2968,524,788,32,158,375,995
2020-04-17,2824,451,881,54,100,483,842
2020-04-18,2882,462,760,139,58,436,957
2020-04-19,2802,656,598,61,92,588,775
2020-04-20,2704,592,923,89,113,309,790
2020-04-21,2917,506,894,111,65,524,790
2020-04-22,2852,483,662,54,72,621,898
2020-04-23,2825,543,893,61,118,296,922
2020-04-24,2645,496,1122,61,156,281,716
2020-04-25,2654,634,681,126,150,439,861
2020-04-26,2912,620,639,103,156,322,929
2020-04-27,2831,449,1039,39,68,555,747
2020-04-28,2805,670,820,110,179,332,736
2020-04-29,2727,621,328,83,131,538,882
2020-04-30,2775,583,785,76,97,360,754
2020-05-01,2760,603,328,124,186,640,827
2020-05-02,2741,561,763,53,63,410,785
2020-05-03,2691,411,866,135,99,505,701
2020-05-04,2752,404,903,91,157,413,736
2020-05-05,2680,402,821,104,173,378,737
2020-05-06,2753,448,989,63,174,268,689
2020-05-07,2580,502,727,35,82,464,910
2020-05-08,2708,499,723,97,107,536,720
2020-05-09,2537,586,862,58,76,261,817
2020-05-10,2659,551,612,50,68,662,730
2020-05-11,2662,457,833,44,73,571,721
2020-05-12,2697,613,493,29,187,430,850
2020-05-13,2474,504,887,74,116,307,639
2020-05-14,2681,488,466,76,134,610,864
2020-05-15,2751,577,569,123,80,427,759
2020-05-16,2481,520,508,38,131,611,805
2020-05-17,2742,538,694,71,159,384,887
2020-05-18,2765,435,914,26,124,505,705
2020-05-19,2650,580,313,120,136,629,838
2020-05-20,2464,412,798,33,117,394,814
2020-05-21,2546,530,729,45,122,454,740
2020-05-22,2653,586,550,40,63,459,797
2020-05-23,2700,406,762,111,67,529,610
2020-05-24,2710,623,335,59,181,661,827
2020-05-25,2765,469,818,80,99,487,725
2020-05-26,2684,502,675,50,61,382,895
2020-05-27,2591,588,753,62,149,355,685
2020-05-28,2708,573,919,39,77,262,734
2020-05-29,2430,613,654,39,135,473,659
2020-05-30,2593,420,825,104,81,338,778
2020-05-31,2639,574,497,111,167,485,699
2020-06-01,2756,562,707,119,145,357,688
2020-06-02,2397,639,801,32,53,386,718
2020-06-03,2479,401,669,106,120,487,700
2020-06-04,2551,614,345,104,96,604,822
2020-06-05,2535,423,782,127,123,459,693
2020-06-06,2460,442,979,40,102,314,662
2020-06-07,2654,423,798,33,75,535,685
2020-06-08,2503,477,664,127,56,406,867
2020-06-09,2545,614,338,39,163,593,778
2020-06-10,2562,494,769,69,73,407,768
2020-06-11,2418,516,407,114,117,575,749
2020-06-12,2417,384,697,125,162,485,633
2020-06-13,2547,481,551,59,158,528,648
2020-06-14,2456,539,643,73,79,540,750
2020-06-15,2716,415,1110,43,60,260,801
2020-06-16,2678,426,833,58,169,286,831
2020-06-17,2462,523,560,80,150,468,774
2020-06-18,2469,519,974,45,60,296,662
2020-06-19,2427,468,656,41,168,368,788
2020-06-20,2474,514,363,82,164,574,888
2020-06-21,2529,576,675,71,110,547,681
2020-06-22,2566,554,866,39,95,273,729
2020-06-23,2652,513,615,89,94,486,799
2020-06-24,2463,545,717,76,164,270,780
2020-06-25,2504,412,622,73,77,502,794
2020-06-26,2581,596,826,30,82,260,741
2020-06-27,2505,537,596,33,155,492,631
2020-06-28,2382,518,500,63,166,271,795
2020-06-29,2565,608,611,36,107,517,612
2020-06-30,2482,566,336,114,110,472,838
2020-07-01,2464,371,597,89,126,535,717
2020-07-02,2345,465,521,80,121,524,675
2020-07-03,2539,558,516,48,139,431,743
2020-07-04,2311,403,680,97,140,407,724
2020-07-05,2482,417,817,74,156,270,633
2020-07-06,2368,526,559,118,104,393,795
2020-07-07,2483,561,491,42,51,521,826
2020-07-08,2568,545,395,88,105,488,766
2020-07-09,2447,453,908,119,86,241,588
2020-07-10,2483,439,592,110,138,377,786
2020-07-11,2311,503,670,78,150,274,729
2020-07-12,2606,425,716,79,77,352,868
2020-07-13,2492,416,785,66,67,320,902
2020-07-14,2542,490,534,111,70,531,728
2020-07-15,2571,482,644,111,148,380,768
2020-07-16,2370,475,619,44,103,470,790
2020-07-17,2451,410,905,32,141,247,789
2020-07-18,2463,462,581,41,111,520,826
2020-07-19,2527,437,576,114,132,529,708
2020-07-20,2561,581,462,50,162,420,835
2020-07-21,2610,459,651,50,66,523,766
2020-07-22,2454,599,509,78,88,574,664
2020-07-23,2575,459,919,33,48,296,780
2020-07-24,2454,403,636,87,130,568,669
2020-07-25,2629,450,652,110,145,387,776
2020-07-26,2376,525,661,40,58,298,861
2020-07-27,2476,451,439,118,80,622,833
2020-07-28,2646,383,615,124,176,399,792
2020-07-29,2339,412,947,49,105,292,621
2020-07-30,2504,529,429,81,90,657,741
2020-07-31,2457,436,498,107,155,496,796
2020-08-01,2461,418,682,60,93,550,632
2020-08-02,2528,543,758,28,69,368,719
2020-08-03,2421,565,402,105,62,505,786
2020-08-04,2550,493,876,108,54,275,735
2020-08-05,2349,461,501,86,149,413,868
2020-08-06,2449,594,611,74,103,385,732
2020-08-07,2544,562,418,95,160,594,605
2020-08-08,2336,467,766,76,62,468,641
2020-08-09,2340,533,565,112,112,318,812
2020-08-10,2511,613,608,111,162,339,683
2020-08-11,2361,514,792,40,120,334,732
2020-08-12,2610,413,841,85,149,417,648
2020-08-13,2560,565,558,101,110,320,778
2020-08-14,2553,571,529,74,108,434,787
2020-08-15,2577,576,207,92,157,636,844
2020-08-16,2446,572,581,37,52,386,755
2020-08-17,2450,398,772,81,100,264,805
2020-08-18,2384,364,606,67,158,509,740
2020-08-19,2545,442,703,43,112,306,826
2020-08-20,2597,480,619,59,92,460,849
2020-08-21,2448,619,241,115,142,536,786
2020-08-22,2522,405,823,103,105,354,603
2020-08-23,2360,500,768,114,94,330,666
2020-08-24,2476,552,801,84,65,350,618
2020-08-25,2591,457,559,48,55,581,781
2020-08-26,2517,379,542,79,144,547,800
2020-08-27,2327,532,848,95,117,268,659
2020-08-28,2395,497,520,28,82,448,833
2020-08-29,2600,366,620,66,63,578,802
2020-08-30,2389,450,614,114,85,453,673
2020-08-31,2580,429,785,56,60,292,877
2020-09-01,2492,585,590,107,83,314,704
2020-09-02,2502,550,711,105,123,318,641
2020-09-03,2336,531,552,118,51,390,820
2020-09-04,2557,506,703,68,86,477,670
2020-09-05,2489,541,399,98,54,576,741
2020-09-06,2295,377,683,67,114,518,598
2020-09-07,2388,393,653,88,142,615,595
2020-09-08,2541,511,601,90,77,432,720
2020-09-09,2543,632,472,92,161,411,686
2020-09-10,2422,513,339,23,156,615,768
2020-09-11,2541,412,708,29,58,594,647
2020-09-12,2558,579,624,101,120,428,610
2020-09-13,2356,426,826,85,87,282,704
2020-09-14,2558,425,684,69,93,548,696
2020-09-15,2434,509,734,51,133,276,736
2020-09-16,2443,412,736,55,121,388,710
2020-09-17,2516,368,792,59,74,469,646
2020-09-18,2443,536,802,121,161,277,635
2020-09-19,2642,559,724,114,77,372,657
2020-09-20,2659,636,701,50,166,316,645
2020-09-21,2659,515,502,49,57,609,796
2020-09-22,2573,622,551,126,129,447,666
2020-09-23,2544,386,605,111,62,622,729
2020-09-24,2458,386,631,116,117,397,801
2020-09-25,2517,528,493,106,151,425,835
2020-09-26,2613,408,653,110,107,529,641
2020-09-27,2551,467,462,117,140,622,685
2020-09-28,2686,688,640,87,88,492,656
2020-09-29,2618,536,749,59,137,448,778
2020-09-30,2567,472,437,107,145,592,793
2020-10-01,2569,658,659,44,64,551,630
2020-10-02,2765,395,862,67,135,363,743
2020-10-03,2665,462,887,102,184,321,671
2020-10-04,2775,486,662,138,143,397,850
2020-10-05,2623,620,483,120,145,563,689
2020-10-06,2549,530,408,36,175,593,891
2020-10-07,2498,580,626,108,138,457,731
2020-10-08,2583,661,277,99,146,654,807
2020-10-09,2592,455,1009,61,128,292,703
2020-10-10,2846,496,843,95,139,419,714
2020-10-11,2658,549,513,102,122,676,735
2020-10-12,2589,466,704,123,105,478,844
2020-10-13,2881,578,862,31,128,361,842
2020-10-14,2725,592,789,53,81,323,896
2020-10-15,2824,495,939,61,85,458,703
2020-10-16,2820,633,465,94,95,537,796
2020-10-17,2772,587,712,45,126,503,791
2020-10-18,2654,410,875,53,104,529,744
2020-10-19,2641,531,525,61,134,690,839
2020-10-20,2646,592,280,125,151,605,895
2020-10-21,2702,655,435,103,66,531,905
2020-10-22,2646,648,726,121,68,447,712
2020-10-23,2744,540,713,43,113,407,910
2020-10-24,2815,628,554,54,111,619,823
2020-10-25,2826,676,383,133,62,563,958
2020-10-26,2665,585,444,71,90,614,839
2020-10-27,2615,439,898,82,129,371,755
2020-10-28,2609,452,967,34,130,460,702
2020-10-29,2669,565,418,115,157,542,903
2020-10-30,2745,470,735,71,85,450,926
2020-10-31,2785,489,678,76,131,518,770
2020-11-01,2699,490,829,63,142,379,869
2020-11-02,2823,601,573,108,179,430,907
2020-11-03,2694,657,576,79,144,434,928
2020-11-04,2875,415,612,58,180,577,903
2020-11-05,2629,449,879,38,128,299,900
2020-11-06,2802,443,961,109,60,374,702
2020-11-07,2620,438,760,89,162,341,976
2020-11-08,2487,450,679,95,161,555,676
2020-11-09,2575,439,760,121,97,511,754
2020-11-10,2608,443,575,40,124,636,851
2020-11-11,2719,647,639,117,64,506,723
2020-11-12,2597,607,541,120,60,598,773
2020-11-13,2840,663,617,31,167,416,777
2020-11-14,2667,416,721,63,150,451,760
2020-11-15,2617,524,705,38,58,545,706
2020-11-16,2520,380,640,118,165,461,804
2020-11-17,2747,447,677,66,167,574,768
2020-11-18,2723,498,772,31,87,422,849
2020-11-19,2676,511,538,72,128,497,866
2020-11-20,2485,569,718,56,175,408,705
2020-11-21,2693,531,515,68,124,628,711
2020-11-22,2713,405,963,89,161,297,697
2020-11-23,2780,506,549,114,154,399,867
2020-11-24,2664,426,866,118,122,466,679
2020-11-25,2667,665,679,57,99,559,706
2020-11-26,2525,618,759,99,128,316,741
2020-11-27,2732,551,450,110,155,511,942
2020-11-28,2559,407,836,35,166,561,694
2020-11-29,2667,431,690,116,101,562,788
2020-11-30,2659,560,459,84,157,680,749
2020-12-01,2641,431,850,93,97,463,805
2020-12-02,2534,562,281,122,188,548,866
2020-12-03,2527,459,883,26,91,285,875
2020-12-04,2557,494,762,74,109,317,760
2020-12-05,2615,547,509,101,142,445,825
2020-12-06,2502,644,487,129,159,300,791
2020-12-07,2606,570,515,60,87,521,902
2020-12-08,2469,544,550,56,142,438,867
2020-12-09,2535,412,854,109,133,403,708
2020-12-10,2673,676,248,28,186,661,874
2020-12-11,2490,518,759,100,111,401,829
2020-12-12,2611,662,762,106,64,340,725
2020-12-13,2748,553,637,116,169,522,677
2020-12-14,2599,613,725,111,99,521,721
2020-12-15,2433,443,709,54,54,641,712
2020-12-16,2573,600,772,60,159,361,737
2020-12-17,2798,543,1012,128,71,279,736
2020-12-18,2552,597,822,38,68,293,848
2020-12-19,2771,579,415,110,133,605,802
2020-12-20,2491,618,750,101,64,404,750
2020-12-21,2613,473,786,35,158,435,774
2020-12-22,2672,459,705,30,98,642,749
2020-12-23,2794,577,856,112,173,297,693
2020-12-24,2662,398,854,80,160,307,794
2020-12-25,2500,485,725,58,137,445,662
2020-12-26,2610,546,629,121,98,436,755
2020-12-27,2923,593,396,73,183,642,938
2020-12-28,2658,549,779,76,54,354,867
2020-12-29,2728,568,437,128,147,480,883
2020-12-30,2662,583,282,94,100,663,913
2020-12-31,2550,390,704,56,88,555,681
2021-01-01,2420,372,752,36,151,378,890
2021-01-02,2708,420,649,69,77,536,765
2021-01-03,2731,601,741,93,173,273,773
2021-01-04,2493,541,339,94,153,661,866
2021-01-05,2676,454,739,87,73,511,818
2021-01-06,2774,568,630,97,160,474,742
2021-01-07,2682,524,395,69,169,616,868
2021-01-08,2698,540,654,35,70,566,689
2021-01-09,2670,564,664,56,106,352,857
2021-01-10,2763,609,473,106,85,524,776
2021-01-11,2563,610,473,53,172,569,821
2021-01-12,2607,445,757,36,107,361,827
2021-01-13,2707,407,815,127,75,461,730
2021-01-14,2430,611,435,64,88,654,720
2021-01-15,2672,486,635,117,132,474,711
2021-01-16,2550,377,740,47,103,393,891
2021-01-17,2821,513,700,32,64,465,966
2021-01-18,2777,400,681,58,165,643,768
2021-01-19,2536,543,575,59,87,597,729
2021-01-20,2463,419,757,75,128,310,813
2021-01-21,2595,554,874,103,83,303,716
2021-01-22,2486,506,946,105,80,314,692
2021-01-23,2452,617,331,90,58,568,903
2021-01-24,2597,635,424,42,95,491,859
2021-01-25,2481,440,913,82,68,377,727
2021-01-26,2521,652,645,85,99,455,655
2021-01-27,2459,623,461,28,145,535,724
2021-01-28,2532,578,404,123,91,556,740
2021-01-29,2537,578,710,58,53,374,784
2021-01-30,2391,626,467,81,107,465,823
2021-01-31,2642,538,646,59,93,545,718
2021-02-01,2550,496,714,72,75,534,666
2021-02-02,2465,492,331,47,124,533,827
2021-02-03,2491,502,504,65,51,513,856
2021-02-04,2647,632,468,62,167,443,720
2021-02-05,2567,421,789,75,136,412,733
2021-02-06,2396,417,920,35,130,363,660
2021-02-07,2602,422,584,32,116,538,817
2021-02-08,2773,444,776,60,163,361,786
2021-02-09,2380,489,568,51,99,449,899
2021-02-10,2318,487,461,64,131,610,693
2021-02-11,2448,574,460,83,86,599,640
2021-02-12,2584,454,494,92,157,568,714
2021-02-13,2532,464,623,100,58,523,656
2021-02-14,2474,506,441,99,123,601,734
2021-02-15,2572,667,620,36,139,333,845
2021-02-16,2569,477,513,112,79,491,672
2021-02-17,2537,369,552,40,120,539,878
2021-02-18,2523,613,501,100,90,446,699
2021-02-19,2402,458,815,96,94,268,661
2021-02-20,2454,500,493,30,144,500,826
2021-02-21,2538,403,632,112,125,398,838
2021-02-22,2542,434,624,52,66,542,870
2021-02-23,2436,551,500,107,133,382,656
2021-02-24,2418,484,626,102,85,439,730
2021-02-25,2404,423,712,94,157,379,626
2021-02-26,2490,418,839,88,101,278,625
2021-02-27,2366,450,762,38,148,269,709
2021-02-28,2538,515,641,70,64,452,687
2021-03-01,2458,442,792,70,131,298,806
2021-03-02,2532,557,352,104,108,490,818
2021-03-03,2438,502,484,48,92,527,753
2021-03-04,2378,433,630,26,91,495,736
2021-03-05,2344,522,418,43,156,477,755
2021-03-06,2521,379,513,74,63,560,804
2021-03-07,2413,429,480,117,51,557,845
2021-03-08,2641,488,504,73,128,592,838
2021-03-09,2333,551,439,116,114,462,719
2021-03-10,2511,494,411,109,89,498,791
2021-03-11,2495,544,522,77,57,503,745
2021-03-12,2380,481,420,58,104,577,813
2021-03-13,2541,407,863,42,126,257,762
2021-03-14,2584,468,804,54,123,293,742
2021-03-15,2490,499,519,37,80,602,718
2021-03-16,2349,431,543,94,132,363,860
2021-03-17,2544,375,739,49,77,483,694
2021-03-18,2500,628,410,28,172,569,639
2021-03-19,2310,497,573,51,139,566,658
2021-03-20,2323,384,628,99,134,314,810
2021-03-21,2489,490,523,97,150,569,722
2021-03-22,2656,497,623,103,134,490,663
2021-03-23,2432,539,736,35,125,374,728
2021-03-24,2395,382,643,29,63,572,862
2021-03-25,2569,604,586,37,115,343,875
2021-03-26,2591,661,720,63,97,254,768
2021-03-27,2668,456,614,45,62,591,783
2021-03-28,2544,451,347,122,162,575,886
2021-03-29,2473,498,696,41,74,394,805
2021-03-30,2371,381,788,109,145,251,772
2021-03-31,2292,357,813,37,104,300,784
2021-04-01,2456,494,603,63,133,390,774
2021-04-02,2482,542,438,38,159,511,675
2021-04-03,2411,527,514,53,153,567,638
2021-04-04,2503,451,512,91,148,489,668
2021-04-05,2461,571,635,45,77,330,803
2021-04-06,2517,512,612,39,165,422,743
2021-04-07,2279,367,852,29,51,294,771
2021-04-08,2451,364,772,86,91,417,653
2021-04-09,2298,409,765,94,95,477,625
2021-04-10,2519,551,623,37,138,338,731
2021-04-11,2355,556,437,59,149,469,816
2021-04-12,2531,411,741,39,161,339,889
2021-04-13,2366,538,656,94,166,259,711
2021-04-14,2363,374,699,90,69,404,658
2021-04-15,2392,382,812,57,52,273,798
2021-04-16,2336,568,571,25,65,549,620
2021-04-17,2233,490,547,39,79,552,656
2021-04-18,2383,436,591,96,89,559,696
2021-04-19,2326,561,590,121,89,312,666
2021-04-20,2281,586,472,35,132,308,753
2021-04-21,2272,479,526,57,55,436,797
2021-04-22,2534,513,601,112,104,237,844
2021-04-23,2446,392,716,46,88,347,847
2021-04-24,2270,578,569,72,63,488,626
2021-04-25,2358,399,464,31,127,511,825
2021-04-26,2512,517,585,70,101,510,698
2021-04-27,2411,535,385,88,103,562,689
2021-04-28,2303,471,397,96,158,499,718
2021-04-29,2277,386,906,53,85,243,627
2021-04-30,2364,454,561,43,148,314,732
2021-05-01,2337,407,541,101,86,563,639
2021-05-02,2341,445,844,27,52,440,615
2021-05-03,2278,491,566,108,83,456,632
2021-05-04,2234,478,653,44,83,383,651
2021-05-05,2302,366,806,69,67,220,587
2021-05-06,2170,424,685,50,81,433,633
2021-05-07,2092,360,660,52,126,406,622
2021-05-08,2084,492,515,64,71,306,754
2021-05-09,2254,404,673,104,134,278,717
2021-05-10,2171,526,782,49,61,265,587
2021-05-11,2206,352,628,73,104,322,746
2021-05-12,2255,466,534,59,61,380,741
2021-05-13,2127,447,308,95,83,486,711
2021-05-14,2136,510,666,87,91,262,589
2021-05-15,2286,356,528,47,59,401,714
2021-05-16,2220,521,624,46,78,410,629
2021-05-17,2205,454,654,50,149,317,671
2021-05-18,2259,409,532,81,114,431,672
2021-05-19,2220,340,543,76,145,429,637
2021-05-20,2164,505,497,37,108,315,737
2021-05-21,2165,543,317,86,80,458,722
2021-05-22,2317,371,509,58,117,492,627
2021-05-23,2127,443,393,89,77,495,708
2021-05-24,2102,504,400,58,81,438,786
2021-05-25,2193,519,502,56,47,245,725
2021-05-26,2151,448,480,29,91,391,783
2021-05-27,2255,352,721,78,149,238,691
2021-05-28,2154,434,481,98,68,355,682
2021-05-29,2068,413,480,66,79,372,728
2021-05-30,2175,433,820,45,57,253,556
2021-05-31,2233,509,456,111,86,326,712
2021-06-01,2071,412,287,69,96,507,712
2021-06-02,2184,487,367,79,115,366,640
2021-06-03,1946,487,281,48,62,505,681
2021-06-04,2001,465,402,75,130,313,739
2021-06-05,2033,453,557,95,80,281,676
2021-06-06,2230,346,470,67,124,401,684
2021-06-07,2265,388,839,42,78,223,567
2021-06-08,2135,467,676,51,82,270,556
2021-06-09,2146,475,399,85,51,412,741
2021-06-10,2176,335,423,61,87,465,658
2021-06-11,2110,386,576,74,141,211,681
2021-06-12,2007,408,656,89,111,274,548
2021-06-13,2010,475,440,58,136,293,600
2021-06-14,2189,396,565,83,88,408,525
2021-06-15,2144,451,530,67,122,418,584
2021-06-16,2148,325,668,38,106,264,669
2021-06-17,2099,388,697,92,84,283,515
2021-06-18,2089,459,448,90,115,290,674
2021-06-19,2016,323,828,55,71,292,542
2021-06-20,2128,400,447,61,109,444,653
2021-06-21,2000,328,688,39,73,235,691
2021-06-22,1978,490,687,71,41,214,560
2021-06-23,2021,492,485,43,93,298,572
2021-06-24,1894,374,667,66,44,254,618
2021-06-25,2172,493,518,47,77,309,613
2021-06-26,1977,344,629,77,111,214,618
2021-06-27,2136,386,547,35,80,323,672
2021-06-28,2055,527,258,51,135,534,607
2021-06-29,1950,357,489,25,83,360,690
2021-06-30,1954,381,436,91,110,407,611
2021-07-01,2041,473,362,47,65,438,652
2021-07-02,2046,389,509,53,145,229,683
2021-07-03,2023,396,565,97,127,201,587
2021-07-04,1929,349,536,56,79,347,636
2021-07-05,2158,507,517,28,54,404,529
2021-07-06,1869,321,578,85,90,319,598
2021-07-07,2011,350,677,98,54,299,518
2021-07-08,1976,309,577,69,119,358,599
2021-07-09,2026,319,673,78,129,246,518
2021-07-10,2075,350,472,80,105,335,656
2021-07-11,2014,328,733,60,139,236,513
2021-07-12,1924,442,547,86,108,220,618
2021-07-13,1923,467,201,94,113,463,695
2021-07-14,1889,315,685,83,41,253,593
2021-07-15,2147,364,627,97,96,310,542
2021-07-16,1983,478,569,93,44,253,582
2021-07-17,1878,389,606,100,97,266,510
2021-07-18,2110,426,706,31,66,232,493
2021-07-19,2085,383,358,57,101,396,677
2021-07-20,1999,387,305,62,93,510,691
2021-07-21,2102,350,461,78,113,474,545
2021-07-22,1903,478,265,58,121,381,649
2021-07-23,1906,411,238,97,101,413,628
2021-07-24,2001,322,552,71,91,310,569
2021-07-25,1956,433,458,50,77,385,576
2021-07-26,2072,437,603,60,124,214,581
2021-07-27,2071,346,672,25,42,380,541
2021-07-28,2013,434,554,52,56,330,532
2021-07-29,1877,429,266,64,124,431,623
2021-07-30,2075,460,309,89,143,391,623
2021-07-31,2033,411,482,63,121,420,555
2021-08-01,2010,469,365,61,123,330,568
2021-08-02,1860,438,472,43,41,330,646
2021-08-03,1989,301,661,31,111,220,625
2021-08-04,1930,472,376,34,64,517,578
2021-08-05,1966,362,352,72,118,461,645
2021-08-06,1923,479,511,87,83,287,561
2021-08-07,2036,514,521,23,106,336,522
2021-08-08,1879,451,497,71,121,231,564
2021-08-09,1916,318,599,22,50,371,674
2021-08-10,1997,317,614,91,59,216,618
2021-08-11,2015,418,467,33,74,344,581
2021-08-12,1927,341,260,87,111,412,600
2021-08-13,1830,345,711,29,94,203,508
2021-08-14,1946,307,394,86,44,467,631
2021-08-15,1807,360,569,55,94,342,484
2021-08-16,1990,309,479,88,81,472,501
2021-08-17,1791,453,285,39,79,402,631
2021-08-18,1961,323,634,52,79,204,567
2021-08-19,1865,338,526,38,79,342,567
2021-08-20,1869,488,304,42,117,403,536
2021-08-21,1821,394,652,31,70,225,446
2021-08-22,1811,388,474,34,99,268,531
2021-08-23,2049,467,531,52,98,241,586
2021-08-24,1858,304,701,59,40,246,521
2021-08-25,1953,320,271,91,86,431,614
2021-08-26,1863,468,472,22,73,267,557
2021-08-27,1793,418,568,22,119,251,542
2021-08-28,1730,470,261,67,68,334,632
2021-08-29,1774,406,398,49,42,295,613
2021-08-30,1880,421,550,36,70,305,495
2021-08-31,1745,320,660,25,38,192,580
2021-09-01,1877,402,421,72,61,237,609
2021-09-02,1907,380,450,67,85,215,617
2021-09-03,1772,286,500,77,92,395,513
2021-09-04,1897,382,287,74,45,449,573
2021-09-05,1847,274,642,27,38,367,588
2021-09-06,1886,453,565,31,132,201,443
2021-09-07,1807,300,641,20,123,227,456
2021-09-08,1886,309,395,82,52,427,514
2021-09-09,1780,439,324,51,64,269,641
2021-09-10,1858,406,527,17,50,333,479
2021-09-11,1759,408,320,30,58,356,538
2021-09-12,1800,401,491,21,99,288,481
2021-09-13,1914,334,477,55,52,426,564
2021-09-14,1757,398,514,44,76,263,470
2021-09-15,1842,318,474,32,95,268,587
2021-09-16,1690,329,514,30,58,378,501
2021-09-17,1817,349,364,21,38,432,501
2021-09-18,1745,319,436,42,72,352,546
2021-09-19,1882,425,446,43,111,292,470
2021-09-20,1734,280,584,78,64,275,484
2021-09-21,1718,400,348,62,63,300,582
2021-09-22,1700,442,283,35,116,380,553
2021-09-23,1887,306,429,35,103,339,623
2021-09-24,1942,373,384,81,46,432,529
2021-09-25,1735,411,365,63,107,270,585
2021-09-26,1756,317,384,61,127,324,620
2021-09-27,1765,354,440,51,60,407,532
2021-09-28,1863,326,442,28,101,261,613
2021-09-29,1842,278,484,23,130,338,542
2021-09-30,1778,297,525,44,52,390,448
2021-10-01,1775,348,434,59,36,447,445
2021-10-02,1617,297,407,18,117,422,464
2021-10-03,1700,381,420,24,119,287,487
2021-10-04,1705,353,298,73,112,329,612
2021-10-05,1779,395,340,32,121,318,492
2021-10-06,1676,385,450,33,102,314,462
2021-10-07,1692,387,348,27,68,319,564
2021-10-08,1838,351,182,64,116,401,620
2021-10-09,1850,396,544,34,112,244,434
2021-10-10,1714,401,241,67,38,369,571
2021-10-11,1692,397,257,30,107,327,552
2021-10-12,1632,425,243,60,72,359,572
2021-10-13,1760,341,541,30,56,205,571
2021-10-14,1817,365,563,43,68,234,497
2021-10-15,1637,343,239,45,120,402,565
2021-10-16,1642,341,318,63,49,388,505
2021-10-17,1683,414,420,35,98,285,414
2021-10-18,1780,365,587,56,51,181,458
2021-10-19,1823,280,557,17,104,185,610
2021-10-20,1783,381,260,45,69,341,602
2021-10-21,1747,369,288,74,94,418,421
2021-10-22,1748,313,362,82,68,318,565
2021-10-23,1669,401,527,76,79,210,456
2021-10-24,1727,306,493,85,48,211,576
2021-10-25,1866,356,361,24,73,370,604
2021-10-26,1705,296,422,79,106,394,453
2021-10-27,1654,286,541,19,91,211,560
2021-10-28,1775,440,382,55,37,373,456
2021-10-29,1780,392,390,23,79,389,460
2021-10-30,1713,306,498,86,78,214,519
2021-10-31,1640,272,324,43,96,313,581
2021-11-01,1776,352,349,59,82,333,555
2021-11-02,1704,407,204,81,82,373,601
2021-11-03,1734,268,474,33,69,422,424
2021-11-04,1705,380,279,66,102,379,458
2021-11-05,1662,247,583,47,64,203,500
2021-11-06,1690,261,558,50,97,178,512
2021-11-07,1586,266,474,22,100,319,502
2021-11-08,1800,413,491,68,36,254,484
2021-11-09,1656,278,414,74,93,295,514
2021-11-10,1496,315,299,28,71,354,536
2021-11-11,1677,337,370,30,95,364,391
2021-11-12,1712,434,267,71,37,406,515
2021-11-13,1608,253,454,76,63,284,464
2021-11-14,1719,275,490,62,82,289,484
2021-11-15,1632,336,498,51,40,196,540
2021-11-16,1703,275,526,43,68,232,452
2021-11-17,1562,380,282,55,107,298,562
2021-11-18,1724,323,392,61,36,268,575
2021-11-19,1594,343,418,16,53,355,414
2021-11-20,1624,361,385,52,61,249,427
2021-11-21,1632,307,289,70,52,318,521
2021-11-22,1718,307,402,49,93,329,514
2021-11-23,1605,436,418,32,65,223,489
2021-11-24,1651,373,351,63,73,300,506
2021-11-25,1735,328,412,53,39,363,419
2021-11-26,1640,335,287,36,83,389,526
2021-11-27,1604,255,426,70,111,315,382
2021-11-28,1583,296,578,35,79,221,398
2021-11-29,1551,274,555,68,56,193,407
2021-11-30,1450,277,463,66,52,238,428
2021-12-01,1530,398,408,49,77,263,448
2021-12-02,1701,262,594,28,49,172,530
2021-12-03,1535,336,424,21,84,204,525
2021-12-04,1646,265,524,64,69,263,444
2021-12-05,1489,294,341,40,72,310,537
2021-12-06,1518,316,216,67,85,418,524
2021-12-07,1593,316,364,82,67,335,452
2021-12-08,1634,363,403,69,48,214,548
2021-12-09,1630,285,391,23,80,328,516
2021-12-10,1601,252,544,18,104,209,454
2021-12-11,1563,363,492,37,36,184,437
2021-12-12,1664,282,505,78,50,235,419
2021-12-13,1616,292,355,66,93,384,414
2021-12-14,1579,327,490,64,75,229,434
2021-12-15,1513,410,232,40,106,377,433
2021-12-16,1660,301,322,67,107,259,568
2021-12-17,1634,389,303,45,100,226,525
2021-12-18,1511,295,407,44,96,218,518
2021-12-19,1603,276,269,28,91,344,481
2021-12-20,1564,259,515,71,33,301,420
2021-12-21,1615,272,566,51,102,171,429
2021-12-22,1645,283,551,49,85,248,410
2021-12-23,1616,249,441,41,43,377,407
2021-12-24,1591,289,328,30,92,342,446
2021-12-25,1633,344,269,33,60,339,473
2021-12-26,1624,403,369,44,109,231,423
2021-12-27,1661,241,540,20,42,281,487
2021-12-28,1536,326,456,62,89,247,418
2021-12-29,1666,333,450,28,36,199,518
2021-12-30,1501,258,390,44,97,250,517
2021-12-31,1523,359,504,16,97,177,451
2022-01-01,1640,340,263,65,38,424,522
2022-01-02,1656,353,497,57,37,192,428
2022-01-03,1604,367,461,76,62,165,460
2022-01-04,1717,275,387,44,81,359,483
2022-01-05,1500,244,553,60,104,171,451
2022-01-06,1610,375,452,18,67,179,464
2022-01-07,1506,279,471,23,57,325,383
2022-01-08,1451,316,259,30,67,354,523
2022-01-09,1482,320,437,21,98,173,470
2022-01-10,1569,372,271,49,53,326,516
2022-01-11,1598,374,439,48,78,230,414
2022-01-12,1563,272,562,19,83,220,397
2022-01-13,1496,233,347,47,101,295,517
2022-01-14,1575,256,342,42,81,356,415
2022-01-15,1596,347,460,31,64,213,394
2022-01-16,1507,288,411,46,57,253,478
2022-01-17,1599,364,533,19,76,197,446
2022-01-18,1538,360,311,48,44,263,469
2022-01-19,1635,365,300,39,52,307,442
2022-01-20,1568,240,499,63,50,160,492
2022-01-21,1534,394,295,63,50,275,512
2022-01-22,1528,346,318,24,95,347,384
2022-01-23,1488,305,553,29,46,165,463
2022-01-24,1545,325,528,28,60,196,521
2022-01-25,1613,320,461,38,34,187,468
2022-01-26,1550,301,370,52,59,349,406
2022-01-27,1547,365,242,28,55,299,521
2022-01-28,1443,275,501,20,93,194,421
2022-01-29,1487,254,368,52,50,233,489
2022-01-30,1470,284,311,76,55,320,426
2022-01-31,1642,284,438,18,73,322,429
2022-02-01,1583,343,496,22,79,222,389
2022-02-02,1537,378,339,62,73,169,516
2022-02-03,1532,296,541,45,80,176,417
2022-02-04,1541,318,287,36,92,351,487
2022-02-05,1566,325,507,56,69,190,436
2022-02-06,1617,244,430,26,73,375,410
2022-02-07,1491,372,398,72,53,187,461
2022-02-08,1464,369,298,52,63,282,430
2022-02-09,1448,367,199,77,95,320,437
2022-02-10,1516,397,246,68,72,281,521
2022-02-11,1643,361,367,60,36,294,447
2022-02-12,1454,363,253,69,88,236,532
2022-02-13,1525,393,372,47,32,202,514
2022-02-14,1564,292,289,58,91,386,464
2022-02-15,1599,272,452,64,60,240,510
2022-02-16,1574,268,516,42,86,221,415
2022-02-17,1478,233,559,20,63,149,399
2022-02-18,1429,315,292,47,67,248,452
2022-02-19,1512,294,306,23,73,338,431
2022-02-20,1661,236,631,46,51,172,409
2022-02-21,1609,280,464,53,49,232,559
2022-02-22,1555,269,331,63,61,346,488
2022-02-23,1616,377,142,72,107,384,493
2022-02-24,1575,312,359,65,81,212,443
2022-02-25,1539,304,328,66,96,306,379
2022-02-26,1497,313,445,41,63,315,415
2022-02-27,1507,342,304,30,43,247,507
2022-02-28,1481,298,374,61,52,190,527
2022-03-01,1488,251,373,30,85,251,473
2022-03-02,1459,270,457,56,103,176,460
2022-03-03,1381,234,323,49,86,363,405
2022-03-04,1486,230,354,35,42,351,497
2022-03-05,1414,241,389,45,48,306,495
2022-03-06,1550,267,395,73,43,288,521
2022-03-07,1599,367,455,76,48,226,392
2022-03-08,1570,239,405,61,32,311,459
2022-03-09,1459,263,357,50,81,290,438
2022-03-10,1535,328,209,65,56,355,491
2022-03-11,1458,249,525,31,55,202,400
2022-03-12,1484,242,417,40,95,291,416
2022-03-13,1621,335,401,62,71,282,402
2022-03-14,1530,348,272,31,94,276,509
2022-03-15,1468,303,453,44,39,215,427
2022-03-16,1466,278,322,15,86,290,487
2022-03-17,1424,300,297,29,85,372,421
2022-03-18,1529,335,357,40,83,267,473
2022-03-19,1401,266,514,44,33,156,480
2022-03-20,1409,337,338,31,97,248,411
2022-03-21,1603,249,600,65,65,187,422
2022-03-22,1546,335,391,69,102,173,478
2022-03-23,1492,245,433,34,81,346,428
2022-03-24,1509,280,379,39,104,240,483
2022-03-25,1476,271,425,50,60,204,478
2022-03-26,1420,313,426,23,84,172,410
2022-03-27,1451,374,409,31,32,241,411
2022-03-28,1582,333,279,71,44,317,527
2022-03-29,1464,228,376,39,89,306,462
2022-03-30,1503,241,463,68,72,277,375
2022-03-31,1423,311,359,30,45,254,472
2022-04-01,1501,304,301,78,87,296,465
2022-04-02,1570,307,288,32,54,351,476
2022-04-03,1599,355,315,51,88,243,488
2022-04-04,1459,398,286,44,95,240,491
2022-04-05,1533,255,368,63,57,321,439
2022-04-06,1369,258,471,34,94,201,393
2022-04-07,1552,321,467,17,71,189,430
2022-04-08,1450,340,245,47,87,320,397
2022-04-09,1408,280,381,61,63,183,467
2022-04-10,1470,301,462,18,43,153,501
2022-04-11,1573,262,469,42,67,311,409
2022-04-12,1398,234,543,64,51,227,362
2022-04-13,1505,313,314,39,58,326,399
2022-04-14,1448,224,335,67,90,289,417
2022-04-15,1481,259,319,46,41,355,443
2022-04-16,1461,347,338,52,54,199,422
2022-04-17,1495,355,235,74,71,295,492
2022-04-18,1497,390,542,22,45,161,395
2022-04-19,1468,339,425,28,59,159,495
2022-04-20,1401,242,408,56,61,175,528
2022-04-21,1525,227,478,39,30,255,449
2022-04-22,1607,308,400,26,55,226,558
2022-04-23,1549,344,366,59,76,259,412
2022-04-24,1472,344,264,64,74,303,395
2022-04-25,1553,266,476,40,72,191,486
2022-04-26,1388,236,527,43,72,155,409
2022-04-27,1526,218,477,29,43,317,408
2022-04-28,1432,221,303,37,67,315,488
2022-04-29,1460,280,349,60,69,216,392
2022-04-30,1328,316,317,23,68,154,458
2022-05-01,1477,243,421,58,52,284,410
2022-05-02,1529,364,202,71,87,258,521
2022-05-03,1442,212,437,30,86,276,396
2022-05-04,1520,316,417,61,81,190,384
2022-05-05,1410,250,390,25,28,269,405
2022-05-06,1486,230,455,45,41,236,451
2022-05-07,1469,303,337,49,42,285,415
2022-05-08,1476,217,369,16,58,319,445
2022-05-09,1464,258,493,56,65,165,430
2022-05-10,1453,294,335,35,81,181,471
2022-05-11,1508,245,412,68,39,225,444
2022-05-12,1506,245,341,61,77,236,490
2022-05-13,1388,278,279,15,31,327,522
2022-05-14,1456,228,505,15,42,278,367
2022-05-15,1512,284,308,70,99,304,371
2022-05-16,1486,236,427,38,46,290,434
2022-05-17,1396,244,279,62,65,342,423
2022-05-18,1339,347,408,16,34,215,353
2022-05-19,1398,223,516,52,32,174,344
2022-05-20,1480,236,401,53,80,264,390
2022-05-21,1494,235,359,42,72,326,395
2022-05-22,1507,248,362,49,93,308,390
2022-05-23,1522,281,465,54,61,164,397
2022-05-24,1488,255,352,49,76,229,467
2022-05-25,1426,246,454,53,61,167,378
2022-05-26,1437,329,288,22,63,232,446
2022-05-27,1363,244,321,51,93,243,432
2022-05-28,1379,224,383,40,53,302,365
2022-05-29,1402,284,356,60,46,185,425
2022-05-30,1394,249,483,53,39,152,377
2022-05-31,1426,317,243,49,78,280,415
2022-06-01,1331,312,288,27,95,322,372
2022-06-02,1407,346,211,51,92,376,432
2022-06-03,1367,346,374,32,78,207,363
2022-06-04,1348,325,332,38,62,223,439
2022-06-05,1390,348,371,38,67,246,378
2022-06-06,1426,306,332,57,91,315,365
2022-06-07,1415,224,499,62,91,140,356
2022-06-08,1400,224,432,72,87,231,377
2022-06-09,1449,324,343,33,65,165,445
2022-06-10,1387,263,433,29,48,228,356
2022-06-11,1324,225,394,65,65,170,475
2022-06-12,1425,262,427,46,41,242,380
2022-06-13,1451,261,517,51,35,166,430
2022-06-14,1415,218,390,18,74,308,399
2022-06-15,1359,321,215,67,62,336,436
2022-06-16,1308,284,392,46,85,226,385
2022-06-17,1385,299,313,50,49,264,363
2022-06-18,1282,203,411,42,96,195,352
2022-06-19,1410,312,183,63,61,277,451
2022-06-20,1466,325,304,41,38,327,412
2022-06-21,1358,358,330,36,27,261,455
2022-06-22,1340,282,351,71,68,174,470
2022-06-23,1337,261,383,31,92,232,378
2022-06-24,1350,286,217,30,62,330,447
2022-06-25,1308,269,441,42,79,158,353
2022-06-26,1303,325,266,18,56,220,458
2022-06-27,1304,303,284,48,89,206,365
2022-06-28,1227,267,303,25,25,327,350
2022-06-29,1278,245,309,62,46,291,340
2022-06-30,1443,254,332,50,46,205,462
2022-07-01,1444,219,350,39,85,196,462
2022-07-02,1390,273,439,20,46,197,405
2022-07-03,1347,305,339,34,26,219,434
2022-07-04,1361,291,301,54,46,245,430
2022-07-05,1320,276,311,43,43,237,377
2022-07-06,1228,275,260,39,63,285,347
2022-07-07,1198,246,359,53,35,153,433
2022-07-08,1330,315,338,22,46,168,378
2022-07-09,1254,275,381,49,39,142,375
2022-07-10,1345,252,529,22,32,205,352
2022-07-11,1436,304,311,36,51,296,346
2022-07-12,1340,223,244,60,82,278,452
2022-07-13,1370,322,236,38,37,294,359
2022-07-14,1299,254,260,57,77,277,311
2022-07-15,1329,210,303,47,46,233,431
2022-07-16,1340,331,362,34,76,147,374
2022-07-17,1235,275,290,47,33,224,399
2022-07-18,1346,237,326,54,44,207,435
2022-07-19,1233,290,212,13,41,273,411
2022-07-20,1375,261,302,42,88,225,428
2022-07-21,1307,297,356,16,55,225,324
2022-07-22,1399,260,226,33,82,313,454
2022-07-23,1326,283,388,26,34,262,343
2022-07-24,1357,258,461,32,34,153,395
2022-07-25,1262,285,231,26,92,241,444
2022-07-26,1290,263,376,30,77,182,369
2022-07-27,1269,274,306,15,82,225,366
2022-07-28,1301,293,291,53,64,173,410
2022-07-29,1273,241,357,61,57,182,384
2022-07-30,1365,289,173,42,67,292,443
2022-07-31,1341,239,323,55,52,310,385
2022-08-01,1290,249,347,53,64,250,406
2022-08-02,1314,259,330,18,47,297,375
2022-08-03,1359,298,460,58,24,140,326
2022-08-04,1341,324,257,20,48,305,348
2022-08-05,1289,317,387,46,59,150,355
2022-08-06,1335,233,289,31,47,301,344
2022-08-07,1222,284,406,15,32,191,326
2022-08-08,1310,334,366,24,31,229,376
2022-08-09,1302,248,414,20,88,159,378
2022-08-10,1359,313,199,48,48,259,388
2022-08-11,1276,247,434,21,43,197,394
2022-08-12,1293,258,350,38,46,265,375
2022-08-13,1304,293,229,36,78,330,388
2022-08-14,1428,253,309,16,80,267,454
2022-08-15,1483,300,535,20,71,153,378
2022-08-16,1338,229,357,33,30,258,369
2022-08-17,1315,308,217,43,91,192,417
2022-08-18,1311,263,379,32,58,222,360
2022-08-19,1352,307,291,13,59,287,416
2022-08-20,1332,208,317,50,78,312,402
2022-08-21,1350,236,555,35,48,154,391
2022-08-22,1377,279,404,16,69,243,377
2022-08-23,1416,264,366,57,27,267,360
2022-08-24,1398,291,362,29,28,153,456
2022-08-25,1305,301,368,13,79,182,421
2022-08-26,1286,216,289,16,81,302,428
2022-08-27,1218,246,336,39,32,227,397
2022-08-28,1332,224,375,31,85,176,430
2022-08-29,1441,248,387,40,50,299,396
2022-08-30,1347,193,445,24,39,208,383
2022-08-31,1251,276,194,65,90,264,380
2022-09-01,1234,333,342,55,54,159,363
2022-09-02,1364,214,406,57,44,261,333
2022-09-03,1181,196,307,58,79,168,413
2022-09-04,1206,187,348,19,29,272,389
2022-09-05,1293,213,311,21,31,267,421
2022-09-06,1244,309,338,29,46,135,345
2022-09-07,1255,215,343,13,34,236,401
2022-09-08,1218,267,303,19,79,238,378
2022-09-09,1320,269,336,34,69,160,439
2022-09-10,1206,210,444,15,84,146,331
2022-09-11,1280,273,344,59,27,176,407
2022-09-12,1284,238,442,40,27,205,390
2022-09-13,1196,248,260,57,90,214,400
2022-09-14,1250,308,197,35,64,297,377
2022-09-15,1292,203,291,23,63,240,400
2022-09-16,1284,280,182,36,66,314,362
2022-09-17,1249,263,269,14,47,284,354
2022-09-18,1276,316,242,29,57,260,408
2022-09-19,1363,277,206,43,85,293,438
2022-09-20,1271,213,287,23,40,292,470
2022-09-21,1254,226,382,25,47,192,403
2022-09-22,1281,219,288,33,72,288,377
2022-09-23,1277,240,501,50,36,151,352
2022-09-24,1364,304,265,55,39,308,357
2022-09-25,1208,221,329,25,44,210,428
2022-09-26,1327,339,274,39,47,179,459
2022-09-27,1345,210,292,20,31,333,458
2022-09-28,1412,225,233,13,90,330,490
2022-09-29,1302,274,222,18,41,336,463
2022-09-30,1268,316,389,66,28,165,339
2022-10-01,1327,268,350,27,29,245,374
2022-10-02,1303,225,341,29,86,235,417
2022-10-03,1356,240,277,63,35,301,388
2022-10-04,1284,214,359,34,48,316,379
2022-10-05,1324,278,383,39,56,157,418
2022-10-06,1326,297,316,37,73,193,335
2022-10-07,1273,276,344,21,52,268,354
2022-10-08,1370,310,300,21,46,274,367
2022-10-09,1288,292,358,43,27,275,377
2022-10-10,1298,237,303,34,94,202,465
2022-10-11,1278,292,324,57,49,223,382
2022-10-12,1325,217,446,39,37,200,351
2022-10-13,1241,249,272,26,76,259,460
2022-10-14,1288,301,197,15,75,246,441
2022-10-15,1306,311,270,46,35,292,331
2022-10-16,1219,269,268,49,81,178,355
2022-10-17,1332,259,288,36,69,284,338
2022-10-18,1332,271,411,54,53,151,468
2022-10-19,1360,302,313,59,56,152,480
2022-10-20,1387,263,301,23,75,231,433
2022-10-21,1387,251,240,24,82,343,419
2022-10-22,1402,219,445,43,73,201,391
2022-10-23,1381,215,492,14,70,170,410
2022-10-24,1366,234,385,66,71,227,392
2022-10-25,1356,300,271,17,68,274,356
2022-10-26,1203,194,321,12,80,221,451
2022-10-27,1294,237,412,55,89,143,330
2022-10-28,1412,252,349,18,83,225,436
2022-10-29,1355,286,279,26,38,264,367
2022-10-30,1253,225,288,36,86,203,435
2022-10-31,1371,214,357,24,75,165,464
2022-11-01,1316,245,298,27,71,186,393
2022-11-02,1230,278,205,32,51,310,401
2022-11-03,1362,250,275,63,60,203,411
2022-11-04,1187,265,270,13,64,209,455
2022-11-05,1286,199,463,17,61,139,379
2022-11-06,1195,228,396,33,49,147,352
2022-11-07,1239,302,209,32,39,288,448
2022-11-08,1233,279,283,29,64,175,396
2022-11-09,1211,192,255,44,69,266,425
2022-11-10,1275,324,346,18,36,188,363
2022-11-11,1334,277,312,56,29,205,419
2022-11-12,1193,239,320,44,29,272,387
2022-11-13,1253,277,138,26,57,289,407
2022-11-14,1319,253,371,14,46,228,355
2022-11-15,1179,197,431,22,33,163,317
2022-11-16,1270,272,267,22,91,186,409
2022-11-17,1175,260,318,63,33,178,395
2022-11-18,1324,270,248,41,69,191,461
2022-11-19,1179,231,382,31,62,158,368
2022-11-20,1128,218,365,52,29,203,304
2022-11-21,1322,268,127,58,86,286,413
2022-11-22,1323,302,183,41,64,301,384
2022-11-23,1313,298,382,32,59,147,339
2022-11-24,1239,199,272,27,74,254,399
2022-11-25,1154,307,264,21,37,240,347
2022-11-26,1248,229,311,15,76,214,357
2022-11-27,1260,310,325,30,61,176,315
2022-11-28,1267,305,293,48,37,195,392
2022-11-29,1284,250,203,59,84,220,452
2022-11-30,1218,267,326,30,80,171,363
2022-12-01,1273,192,369,57,81,217,298
2022-12-02,1225,231,439,58,26,143,313
2022-12-03,1253,192,271,18,58,257,407
2022-12-04,1124,255,392,14,68,137,350
2022-12-05,1209,216,255,51,49,249,413
2022-12-06,1191,299,255,43,36,191,385
2022-12-07,1299,242,287,52,53,303,347
2022-12-08,1213,193,366,17,45,182,412
2022-12-09,1233,201,288,20,61,310,399
2022-12-10,1274,202,337,59,75,264,331
2022-12-11,1269,185,397,24,36,159,385
2022-12-12,1234,257,414,21,79,122,310
2022-12-13,1243,246,232,40,60,261,357
2022-12-14,1297,268,263,15,79,250,368
2022-12-15,1193,293,388,38,39,140,294
2022-12-16,1172,253,214,58,26,248,364
2022-12-17,1314,299,335,13,65,209,322
2022-12-18,1235,281,311,25,29,278,320
2022-12-19,1234,273,256,24,41,253,408
2022-12-20,1262,214,403,52,77,182,318
2022-12-21,1185,207,315,33,81,293,321
2022-12-22,1195,283,337,24,43,131,395
2022-12-23,1300,229,292,41,74,178,425
2022-12-24,1147,231,348,47,25,174,357
2022-12-25,1122,233,213,36,73,196,383
2022-12-26,1247,221,349,30,52,188,372
2022-12-27,1305,208,218,59,39,315,420
2022-12-28,1325,232,190,59,62,302,455
2022-12-29,1189,198,341,45,77,231,333
2022-12-30,1284,270,199,23,70,324,367
2022-12-31,1244,178,376,38,32,175,449