date,revenue_na,revenue_sa,revenue_eu,revenue_af,revenue_as,revenue_au,revenue_ww
2018-12-30,0.00,0.00,0.00,0.00,0.00,0.00,1465.14
2018-12-31,0.00,0.00,0.00,0.00,0.00,0.00,758.32
2019-01-01,0.00,0.00,0.00,0.00,0.00,0.00,920.47
2019-01-02,0.00,0.00,0.00,0.00,0.00,0.00,708.60
2019-01-03,0.00,0.00,0.00,0.00,0.00,0.00,775.08
2019-01-04,0.00,0.00,0.00,0.00,0.00,0.00,487.53
2019-01-05,0.00,0.00,0.00,0.00,0.00,0.00,531.63
2019-01-06,0.00,0.00,0.00,0.00,0.00,0.00,2442.64
2019-01-07,0.00,0.00,0.00,0.00,0.00,0.00,2641.98
2019-01-08,0.00,0.00,0.00,0.00,0.00,0.00,1465.49
2019-01-09,0.00,0.00,0.00,0.00,0.00,0.00,1436.46
2019-01-10,0.00,0.00,0.00,0.00,0.00,0.00,1974.77
2019-01-11,0.00,0.00,0.00,0.00,0.00,0.00,638.62
2019-01-12,0.00,0.00,0.00,0.00,0.00,0.00,1125.84
2019-01-13,0.00,0.00,0.00,0.00,0.00,0.00,1397.14
2019-01-14,0.00,0.00,0.00,0.00,0.00,0.00,1234.10
2019-01-15,0.00,0.00,0.00,0.00,0.00,0.00,1012.84
2019-01-16,0.00,0.00,0.00,0.00,0.00,0.00,999.08
2019-01-17,0.00,0.00,0.00,0.00,0.00,0.00,1003.22
2019-01-18,0.00,0.00,0.00,0.00,0.00,0.00,1290.90
2019-01-19,0.00,0.00,0.00,0.00,0.00,0.00,4377.09
2019-01-20,0.00,0.00,0.00,0.00,0.00,0.00,2343.82
2019-01-21,0.00,0.00,0.00,0.00,0.00,0.00,1218.08
2019-01-22,0.00,0.00,0.00,0.00,0.00,0.00,1214.16
2019-01-23,0.00,0.00,0.00,0.00,0.00,0.00,1308.85
2019-01-24,0.00,0.00,0.00,0.00,0.00,0.00,3552.79
2019-01-25,0.00,0.00,0.00,0.00,0.00,0.00,1146.75
2019-01-26,0.00,0.00,0.00,0.00,0.00,0.00,961.28
2019-01-27,0.00,0.00,0.00,0.00,0.00,0.00,1500.08
2019-01-28,0.00,0.00,0.00,0.00,0.00,0.00,1103.27
2019-01-29,0.00,0.00,0.00,0.00,0.00,0.00,783.36
2019-01-30,0.00,0.00,0.00,0.00,0.00,0.00,1004.62
2019-01-31,0.00,0.00,0.00,0.00,0.00,0.00,693.88
2019-02-01,0.00,0.00,0.00,0.00,0.00,0.00,1120.84
2019-02-02,0.00,0.00,0.00,0.00,0.00,0.00,1127.16
2019-02-03,0.00,0.00,0.00,0.00,0.00,0.00,1355.17
2019-02-04,0.00,0.00,0.00,0.00,0.00,0.00,1519.66
2019-02-05,0.00,0.00,0.00,0.00,0.00,0.00,880.73
2019-02-06,0.00,0.00,0.00,0.00,0.00,0.00,829.61
2019-02-07,0.00,0.00,0.00,0.00,0.00,0.00,1969.88
2019-02-08,0.00,0.00,0.00,0.00,0.00,0.00,630.29
2019-02-09,0.00,0.00,0.00,0.00,0.00,0.00,1032.14
2019-02-10,0.00,0.00,0.00,0.00,0.00,0.00,1277.72
2019-02-11,0.00,0.00,0.00,0.00,0.00,0.00,864.72
2019-02-12,0.00,0.00,0.00,0.00,0.00,0.00,959.67
2019-02-13,0.00,0.00,0.00,0.00,0.00,0.00,3875.75
2019-02-14,0.00,0.00,0.00,0.00,0.00,0.00,1959.10
2019-02-15,0.00,0.00,0.00,0.00,0.00,0.00,901.87
2019-02-16,0.00,0.00,0.00,0.00,0.00,0.00,959.88
2019-02-17,0.00,0.00,0.00,0.00,0.00,0.00,1463.01
2019-02-18,0.00,0.00,0.00,0.00,0.00,0.00,2424.58
2019-02-19,0.00,0.00,0.00,0.00,0.00,0.00,1205.15
2019-02-20,0.00,0.00,0.00,0.00,0.00,0.00,1234.25
2019-02-21,0.00,0.00,0.00,0.00,0.00,0.00,3242.84
2019-02-22,0.00,0.00,0.00,0.00,0.00,0.00,1355.26
2019-02-23,0.00,0.00,0.00,0.00,0.00,0.00,1419.04
2019-02-24,0.00,0.00,0.00,0.00,0.00,0.00,1523.35
2019-02-25,0.00,0.00,0.00,0.00,0.00,0.00,1142.58
2019-02-26,0.00,0.00,0.00,0.00,0.00,0.00,2326.23
2019-02-27,0.00,0.00,0.00,0.00,0.00,0.00,1571.40
2019-02-28,0.00,0.00,0.00,0.00,0.00,0.00,1175.27
2019-03-01,0.00,0.00,0.00,0.00,0.00,0.00,912.32
2019-03-02,0.00,0.00,0.00,0.00,0.00,0.00,761.80
2019-03-03,0.00,0.00,0.00,0.00,0.00,0.00,1144.56
2019-03-04,0.00,0.00,0.00,0.00,0.00,0.00,1549.85
2019-03-05,0.00,0.00,0.00,0.00,0.00,0.00,898.79
2019-03-06,0.00,0.00,0.00,0.00,0.00,0.00,733.13
2019-03-07,0.00,0.00,0.00,0.00,0.00,0.00,585.98
2019-03-08,0.00,0.00,0.00,0.00,0.00,0.00,2008.50
2019-03-09,0.00,0.00,0.00,0.00,0.00,0.00,538.73
2019-03-10,0.00,0.00,0.00,0.00,0.00,0.00,1083.73
2019-03-11,0.00,0.00,0.00,0.00,0.00,0.00,1053.00
2019-03-12,0.00,0.00,0.00,0.00,0.00,0.00,1198.49
2019-03-13,0.00,0.00,0.00,0.00,0.00,0.00,2320.18
2019-03-14,0.00,0.00,0.00,0.00,0.00,0.00,1672.20
2019-03-15,0.00,0.00,0.00,0.00,0.00,0.00,1582.59
2019-03-16,0.00,0.00,0.00,0.00,0.00,0.00,1855.86
2019-03-17,0.00,0.00,0.00,0.00,0.00,0.00,2113.38
2019-03-18,0.00,0.00,0.00,0.00,0.00,0.00,2544.20
2019-03-19,0.00,0.00,0.00,0.00,0.00,0.00,1796.60
2019-03-20,0.00,0.00,0.00,0.00,0.00,0.00,1001.68
2019-03-21,0.00,0.00,0.00,0.00,0.00,0.00,1092.83
2019-03-22,0.00,0.00,0.00,0.00,0.00,0.00,3121.71
2019-03-23,0.00,0.00,0.00,0.00,0.00,0.00,1566.08
2019-03-24,0.00,0.00,0.00,0.00,0.00,0.00,1357.98
2019-03-25,0.00,0.00,0.00,0.00,0.00,0.00,1456.18
2019-03-26,0.00,0.00,0.00,0.00,0.00,0.00,1375.44
2019-03-27,0.00,0.00,0.00,0.00,0.00,0.00,698.85
2019-03-28,0.00,0.00,0.00,0.00,0.00,0.00,2445.49
2019-03-29,0.00,0.00,0.00,0.00,0.00,0.00,2020.57
2019-03-30,0.00,0.00,0.00,0.00,0.00,0.00,1442.76
2019-03-31,0.00,0.00,0.00,0.00,0.00,0.00,1821.99
2019-04-01,0.00,0.00,0.00,0.00,0.00,0.00,1202.78
2019-04-02,0.00,0.00,0.00,0.00,0.00,0.00,1842.72
2019-04-03,0.00,0.00,0.00,0.00,0.00,0.00,1905.86
2019-04-04,0.00,0.00,0.00,0.00,0.00,0.00,856.23
2019-04-05,0.00,0.00,0.00,0.00,0.00,0.00,2014.73
2019-04-06,0.00,0.00,0.00,0.00,0.00,0.00,1540.22
2019-04-07,0.00,0.00,0.00,0.00,0.00,0.00,553.36
2019-04-08,0.00,0.00,0.00,0.00,0.00,0.00,1892.75
2019-04-09,0.00,0.00,0.00,0.00,0.00,0.00,1645.51
2019-04-10,0.00,0.00,0.00,0.00,0.00,0.00,1147.30
2019-04-11,0.00,0.00,0.00,0.00,0.00,0.00,1190.18
2019-04-12,0.00,0.00,0.00,0.00,0.00,0.00,1187.26
2019-04-13,0.00,0.00,0.00,0.00,0.00,0.00,1662.56
2019-04-14,0.00,0.00,0.00,0.00,0.00,0.00,899.72
2019-04-15,0.00,0.00,0.00,0.00,0.00,0.00,735.18
2019-04-16,0.00,0.00,0.00,0.00,0.00,0.00,772.89
2019-04-17,0.00,0.00,0.00,0.00,0.00,0.00,710.61
2019-04-18,0.00,0.00,0.00,0.00,0.00,0.00,718.41
2019-04-19,0.00,0.00,0.00,0.00,0.00,0.00,2223.20
2019-04-20,0.00,0.00,0.00,0.00,0.00,0.00,2487.76
2019-04-21,0.00,0.00,0.00,0.00,0.00,0.00,1237.68
2019-04-22,0.00,0.00,0.00,0.00,0.00,0.00,1325.24
2019-04-23,0.00,0.00,0.00,0.00,0.00,0.00,4096.62
2019-04-24,0.00,0.00,0.00,0.00,0.00,0.00,2263.60
2019-04-25,0.00,0.00,0.00,0.00,0.00,0.00,1540.40
2019-04-26,0.00,0.00,0.00,0.00,0.00,0.00,1479.74
2019-04-27,0.00,0.00,0.00,0.00,0.00,0.00,903.80
2019-04-28,0.00,0.00,0.00,0.00,0.00,0.00,1018.50
2019-04-29,0.00,0.00,0.00,0.00,0.00,0.00,1700.99
2019-04-30,0.00,0.00,0.00,0.00,0.00,0.00,1516.65
2019-05-01,0.00,0.00,0.00,0.00,0.00,0.00,3394.25
2019-05-02,0.00,0.00,0.00,0.00,0.00,0.00,1586.79
2019-05-03,0.00,0.00,0.00,0.00,0.00,0.00,2149.74
2019-05-04,0.00,0.00,0.00,0.00,0.00,0.00,1095.80
2019-05-05,0.00,0.00,0.00,0.00,0.00,0.00,752.09
2019-05-06,0.00,0.00,0.00,0.00,0.00,0.00,836.70
2019-05-07,0.00,0.00,0.00,0.00,0.00,0.00,524.59
2019-05-08,0.00,0.00,0.00,0.00,0.00,0.00,924.90
2019-05-09,0.00,0.00,0.00,0.00,0.00,0.00,920.02
2019-05-10,0.00,0.00,0.00,0.00,0.00,0.00,1143.22
2019-05-11,0.00,0.00,0.00,0.00,0.00,0.00,998.43
2019-05-12,0.00,0.00,0.00,0.00,0.00,0.00,1952.79
2019-05-13,0.00,0.00,0.00,0.00,0.00,0.00,1483.43
2019-05-14,0.00,0.00,0.00,0.00,0.00,0.00,699.36
2019-05-15,0.00,0.00,0.00,0.00,0.00,0.00,777.86
2019-05-16,0.00,0.00,0.00,0.00,0.00,0.00,2739.56
2019-05-17,0.00,0.00,0.00,0.00,0.00,0.00,3126.10
2019-05-18,0.00,0.00,0.00,0.00,0.00,0.00,1427.24
2019-05-19,0.00,0.00,0.00,0.00,0.00,0.00,1029.18
2019-05-20,0.00,0.00,0.00,0.00,0.00,0.00,970.94
2019-05-21,0.00,0.00,0.00,0.00,0.00,0.00,1772.26
2019-05-22,0.00,0.00,0.00,0.00,0.00,0.00,1378.51
2019-05-23,0.00,0.00,0.00,0.00,0.00,0.00,1213.97
2019-05-24,0.00,0.00,0.00,0.00,0.00,0.00,741.57
2019-05-25,0.00,0.00,0.00,0.00,0.00,0.00,1237.76
2019-05-26,0.00,0.00,0.00,0.00,0.00,0.00,1766.02
2019-05-27,0.00,0.00,0.00,0.00,0.00,0.00,1122.25
2019-05-28,0.00,0.00,0.00,0.00,0.00,0.00,643.54
2019-05-29,0.00,0.00,0.00,0.00,0.00,0.00,1039.49
2019-05-30,0.00,0.00,0.00,0.00,0.00,0.00,2155.03
2019-05-31,0.00,0.00,0.00,0.00,0.00,0.00,1847.96
2019-06-01,0.00,0.00,0.00,0.00,0.00,0.00,2581.83
2019-06-02,0.00,0.00,0.00,0.00,0.00,0.00,2467.77
2019-06-03,0.00,0.00,0.00,0.00,0.00,0.00,1145.91
2019-06-04,0.00,0.00,0.00,0.00,0.00,0.00,847.81
2019-06-05,0.00,0.00,0.00,0.00,0.00,0.00,1237.64
2019-06-06,0.00,0.00,0.00,0.00,0.00,0.00,1132.69
2019-06-07,0.00,0.00,0.00,0.00,0.00,0.00,1220.16
2019-06-08,0.00,0.00,0.00,0.00,0.00,0.00,1195.61
2019-06-09,0.00,0.00,0.00,0.00,0.00,0.00,1471.97
2019-06-10,0.00,0.00,0.00,0.00,0.00,0.00,1814.43
2019-06-11,0.00,0.00,0.00,0.00,0.00,0.00,1328.60
2019-06-12,0.00,0.00,0.00,0.00,0.00,0.00,1980.15
2019-06-13,0.00,0.00,0.00,0.00,0.00,0.00,1764.75
2019-06-14,0.00,0.00,0.00,0.00,0.00,0.00,1576.52
2019-06-15,0.00,0.00,0.00,0.00,0.00,0.00,1568.74
2019-06-16,0.00,0.00,0.00,0.00,0.00,0.00,916.53
2019-06-17,0.00,0.00,0.00,0.00,0.00,0.00,929.82
2019-06-18,0.00,0.00,0.00,0.00,0.00,0.00,661.00
2019-06-19,0.00,0.00,0.00,0.00,0.00,0.00,1668.08
2019-06-20,0.00,0.00,0.00,0.00,0.00,0.00,1664.69
2019-06-21,0.00,0.00,0.00,0.00,0.00,0.00,1392.39
2019-06-22,0.00,0.00,0.00,0.00,0.00,0.00,1994.32
2019-06-23,0.00,0.00,0.00,0.00,0.00,0.00,1128.55
2019-06-24,0.00,0.00,0.00,0.00,0.00,0.00,1093.60
2019-06-25,0.00,0.00,0.00,0.00,0.00,0.00,1089.42
2019-06-26,0.00,0.00,0.00,0.00,0.00,0.00,1306.83
2019-06-27,0.00,0.00,0.00,0.00,0.00,0.00,1865.30
2019-06-28,0.00,0.00,0.00,0.00,0.00,0.00,1838.06
2019-06-29,0.00,0.00,0.00,0.00,0.00,0.00,627.63
2019-06-30,0.00,0.00,0.00,0.00,0.00,0.00,1176.82
2019-07-01,0.00,0.00,0.00,0.00,0.00,0.00,1165.68
2019-07-02,0.00,0.00,0.00,0.00,0.00,0.00,985.58
2019-07-03,0.00,0.00,0.00,0.00,0.00,0.00,557.52
2019-07-04,0.00,0.00,0.00,0.00,0.00,0.00,919.42
2019-07-05,0.00,0.00,0.00,0.00,0.00,0.00,1425.98
2019-07-06,0.00,0.00,0.00,0.00,0.00,0.00,875.18
2019-07-07,0.00,0.00,0.00,0.00,0.00,0.00,1075.30
2019-07-08,0.00,0.00,0.00,0.00,0.00,0.00,716.98
2019-07-09,0.00,0.00,0.00,0.00,0.00,0.00,924.13
2019-07-10,0.00,0.00,0.00,0.00,0.00,0.00,1353.81
2019-07-11,0.00,0.00,0.00,0.00,0.00,0.00,1316.16
2019-07-12,0.00,0.00,0.00,0.00,0.00,0.00,1512.73
2019-07-13,0.00,0.00,0.00,0.00,0.00,0.00,987.98
2019-07-14,0.00,0.00,0.00,0.00,0.00,0.00,1006.70
2019-07-15,0.00,0.00,0.00,0.00,0.00,0.00,836.77
2019-07-16,0.00,0.00,0.00,0.00,0.00,0.00,713.57
2019-07-17,0.00,0.00,0.00,0.00,0.00,0.00,822.74
2019-07-18,0.00,0.00,0.00,0.00,0.00,0.00,715.02
2019-07-19,0.00,0.00,0.00,0.00,0.00,0.00,950.85
2019-07-20,0.00,0.00,0.00,0.00,0.00,0.00,1603.71
2019-07-21,0.00,0.00,0.00,0.00,0.00,0.00,2202.10
2019-07-22,0.00,0.00,0.00,0.00,0.00,0.00,1773.31
2019-07-23,0.00,0.00,0.00,0.00,0.00,0.00,747.86
2019-07-24,0.00,0.00,0.00,0.00,0.00,0.00,807.98
2019-07-25,0.00,0.00,0.00,0.00,0.00,0.00,958.63
2019-07-26,0.00,0.00,0.00,0.00,0.00,0.00,958.62
2019-07-27,0.00,0.00,0.00,0.00,0.00,0.00,521.24
2019-07-28,0.00,0.00,0.00,0.00,0.00,0.00,1615.59
2019-07-29,0.00,0.00,0.00,0.00,0.00,0.00,1125.78
2019-07-30,0.00,0.00,0.00,0.00,0.00,0.00,884.94
2019-07-31,0.00,0.00,0.00,0.00,0.00,0.00,1480.64
2019-08-01,0.00,0.00,0.00,0.00,0.00,0.00,1481.98
2019-08-02,0.00,0.00,0.00,0.00,0.00,0.00,542.82
2019-08-03,0.00,0.00,0.00,0.00,0.00,0.00,784.94
2019-08-04,0.00,0.00,0.00,0.00,0.00,0.00,1015.95
2019-08-05,0.00,0.00,0.00,0.00,0.00,0.00,677.94
2019-08-06,0.00,0.00,0.00,0.00,0.00,0.00,668.61
2019-08-07,0.00,0.00,0.00,0.00,0.00,0.00,802.40
2019-08-08,0.00,0.00,0.00,0.00,0.00,0.00,628.23
2019-08-09,0.00,0.00,0.00,0.00,0.00,0.00,938.97
2019-08-10,0.00,0.00,0.00,0.00,0.00,0.00,928.50
2019-08-11,0.00,0.00,0.00,0.00,0.00,0.00,1280.48
2019-08-12,0.00,0.00,0.00,0.00,0.00,0.00,1565.21
2019-08-13,0.00,0.00,0.00,0.00,0.00,0.00,986.29
2019-08-14,0.00,0.00,0.00,0.00,0.00,0.00,850.65
2019-08-15,0.00,0.00,0.00,0.00,0.00,0.00,812.80
2019-08-16,0.00,0.00,0.00,0.00,0.00,0.00,903.80
2019-08-17,0.00,0.00,0.00,0.00,0.00,0.00,715.60
2019-08-18,0.00,0.00,0.00,0.00,0.00,0.00,972.41
2019-08-19,0.00,0.00,0.00,0.00,0.00,0.00,1116.72
2019-08-20,0.00,0.00,0.00,0.00,0.00,0.00,1544.95
2019-08-21,0.00,0.00,0.00,0.00,0.00,0.00,2240.65
2019-08-22,0.00,0.00,0.00,0.00,0.00,0.00,970.44
2019-08-23,0.00,0.00,0.00,0.00,0.00,0.00,1043.37
2019-08-24,0.00,0.00,0.00,0.00,0.00,0.00,480.69
2019-08-25,0.00,0.00,0.00,0.00,0.00,0.00,615.66
2019-08-26,0.00,0.00,0.00,0.00,0.00,0.00,882.34
2019-08-27,0.00,0.00,0.00,0.00,0.00,0.00,600.08
2019-08-28,0.00,0.00,0.00,0.00,0.00,0.00,956.47
2019-08-29,0.00,0.00,0.00,0.00,0.00,0.00,1268.53
2019-08-30,0.00,0.00,0.00,0.00,0.00,0.00,1372.67
2019-08-31,0.00,0.00,0.00,0.00,0.00,0.00,1850.84
2019-09-01,0.00,0.00,0.00,0.00,0.00,0.00,579.95
2019-09-02,0.00,0.00,0.00,0.00,0.00,0.00,1547.72
2019-09-03,0.00,0.00,0.00,0.00,0.00,0.00,891.98
2019-09-04,0.00,0.00,0.00,0.00,0.00,0.00,670.90
2019-09-05,0.00,0.00,0.00,0.00,0.00,0.00,539.35
2019-09-06,0.00,0.00,0.00,0.00,0.00,0.00,1486.31
2019-09-07,0.00,0.00,0.00,0.00,0.00,0.00,801.15
2019-09-08,0.00,0.00,0.00,0.00,0.00,0.00,2472.81
2019-09-09,0.00,0.00,0.00,0.00,0.00,0.00,1430.90
2019-09-10,0.00,0.00,0.00,0.00,0.00,0.00,2061.99
2019-09-11,0.00,0.00,0.00,0.00,0.00,0.00,670.88
2019-09-12,0.00,0.00,0.00,0.00,0.00,0.00,584.09
2019-09-13,0.00,0.00,0.00,0.00,0.00,0.00,577.14
2019-09-14,0.00,0.00,0.00,0.00,0.00,0.00,519.01
2019-09-15,0.00,0.00,0.00,0.00,0.00,0.00,757.59
2019-09-16,0.00,0.00,0.00,0.00,0.00,0.00,1031.20
2019-09-17,0.00,0.00,0.00,0.00,0.00,0.00,687.64
2019-09-18,0.00,0.00,0.00,0.00,0.00,0.00,655.42
2019-09-19,0.00,0.00,0.00,0.00,0.00,0.00,563.79
2019-09-20,0.00,0.00,0.00,0.00,0.00,0.00,1413.38
2019-09-21,0.00,0.00,0.00,0.00,0.00,0.00,1610.77
2019-09-22,0.00,0.00,0.00,0.00,0.00,0.00,1736.02
2019-09-23,0.00,0.00,0.00,0.00,0.00,0.00,442.13
2019-09-24,0.00,0.00,0.00,0.00,0.00,0.00,880.13
2019-09-25,0.00,0.00,0.00,0.00,0.00,0.00,340.51
2019-09-26,0.00,0.00,0.00,0.00,0.00,0.00,728.31
2019-09-27,0.00,0.00,0.00,0.00,0.00,0.00,1083.82
2019-09-28,0.00,0.00,0.00,0.00,0.00,0.00,1277.71
2019-09-29,0.00,0.00,0.00,0.00,0.00,0.00,1157.93
2019-09-30,0.00,0.00,0.00,0.00,0.00,0.00,1209.68
2019-10-01,0.00,0.00,0.00,0.00,0.00,0.00,710.65
2019-10-02,0.00,0.00,0.00,0.00,0.00,0.00,507.05
2019-10-03,0.00,0.00,0.00,0.00,0.00,0.00,466.63
2019-10-04,0.00,0.00,0.00,0.00,0.00,0.00,1696.85
2019-10-05,0.00,0.00,0.00,0.00,0.00,0.00,1507.20
2019-10-06,0.00,0.00,0.00,0.00,0.00,0.00,1013.12
2019-10-07,0.00,0.00,0.00,0.00,0.00,0.00,967.03
2019-10-08,0.00,0.00,0.00,0.00,0.00,0.00,904.54
2019-10-09,0.00,0.00,0.00,0.00,0.00,0.00,1320.30
2019-10-10,0.00,0.00,0.00,0.00,0.00,0.00,1258.03
2019-10-11,0.00,0.00,0.00,0.00,0.00,0.00,898.35
2019-10-12,0.00,0.00,0.00,0.00,0.00,0.00,793.40
2019-10-13,0.00,0.00,0.00,0.00,0.00,0.00,1168.20
2019-10-14,0.00,0.00,0.00,0.00,0.00,0.00,1114.60
2019-10-15,0.00,0.00,0.00,0.00,0.00,0.00,819.88
2019-10-16,0.00,0.00,0.00,0.00,0.00,0.00,899.76
2019-10-17,0.00,0.00,0.00,0.00,0.00,0.00,837.40
2019-10-18,0.00,0.00,0.00,0.00,0.00,0.00,1480.58
2019-10-19,0.00,0.00,0.00,0.00,0.00,0.00,1051.63
2019-10-20,0.00,0.00,0.00,0.00,0.00,0.00,1613.63
2019-10-21,0.00,0.00,0.00,0.00,0.00,0.00,743.79
2019-10-22,0.00,0.00,0.00,0.00,0.00,0.00,491.81
2019-10-23,0.00,0.00,0.00,0.00,0.00,0.00,749.22
2019-10-24,0.00,0.00,0.00,0.00,0.00,0.00,482.66
2019-10-25,0.00,0.00,0.00,0.00,0.00,0.00,1257.24
2019-10-26,0.00,0.00,0.00,0.00,0.00,0.00,1096.33
2019-10-27,0.00,0.00,0.00,0.00,0.00,0.00,1011.76
2019-10-28,0.00,0.00,0.00,0.00,0.00,0.00,885.05
2019-10-29,0.00,0.00,0.00,0.00,0.00,0.00,1040.96
2019-10-30,0.00,0.00,0.00,0.00,0.00,0.00,1275.37
2019-10-31,0.00,0.00,0.00,0.00,0.00,0.00,696.18
2019-11-01,0.00,0.00,0.00,0.00,0.00,0.00,787.80
2019-11-02,0.00,0.00,0.00,0.00,0.00,0.00,563.21
2019-11-03,0.00,0.00,0.00,0.00,0.00,0.00,709.43
2019-11-04,0.00,0.00,0.00,0.00,0.00,0.00,506.53
2019-11-05,0.00,0.00,0.00,0.00,0.00,0.00,455.95
2019-11-06,0.00,0.00,0.00,0.00,0.00,0.00,845.19
2019-11-07,0.00,0.00,0.00,0.00,0.00,0.00,1011.61
2019-11-08,0.00,0.00,0.00,0.00,0.00,0.00,1364.36
2019-11-09,0.00,0.00,0.00,0.00,0.00,0.00,1094.22
2019-11-10,0.00,0.00,0.00,0.00,0.00,0.00,580.58
2019-11-11,0.00,0.00,0.00,0.00,0.00,0.00,730.49
2019-11-12,0.00,0.00,0.00,0.00,0.00,0.00,999.72
2019-11-13,0.00,0.00,0.00,0.00,0.00,0.00,807.36
2019-11-14,0.00,0.00,0.00,0.00,0.00,0.00,585.57
2019-11-15,0.00,0.00,0.00,0.00,0.00,0.00,1146.89
2019-11-16,0.00,0.00,0.00,0.00,0.00,0.00,1469.54
2019-11-17,0.00,0.00,0.00,0.00,0.00,0.00,748.66
2019-11-18,0.00,0.00,0.00,0.00,0.00,0.00,1341.37
2019-11-19,0.00,0.00,0.00,0.00,0.00,0.00,742.79
2019-11-20,0.00,0.00,0.00,0.00,0.00,0.00,780.74
2019-11-21,0.00,0.00,0.00,0.00,0.00,0.00,522.64
2019-11-22,0.00,0.00,0.00,0.00,0.00,0.00,705.90
2019-11-23,0.00,0.00,0.00,0.00,0.00,0.00,451.19
2019-11-24,0.00,0.00,0.00,0.00,0.00,0.00,658.99
2019-11-25,0.00,0.00,0.00,0.00,0.00,0.00,638.14
2019-11-26,0.00,0.00,0.00,0.00,0.00,0.00,831.78
2019-11-27,0.00,0.00,0.00,0.00,0.00,0.00,779.23
2019-11-28,0.00,0.00,0.00,0.00,0.00,0.00,892.02
2019-11-29,0.00,0.00,0.00,0.00,0.00,0.00,1889.21
2019-11-30,0.00,0.00,0.00,0.00,0.00,0.00,597.36
2019-12-01,0.00,0.00,0.00,0.00,0.00,0.00,789.91
2019-12-02,0.00,0.00,0.00,0.00,0.00,0.00,401.56
2019-12-03,0.00,0.00,0.00,0.00,0.00,0.00,475.71
2019-12-04,0.00,0.00,0.00,0.00,0.00,0.00,351.17
2019-12-05,0.00,0.00,0.00,0.00,0.00,0.00,342.83
2019-12-06,0.00,0.00,0.00,0.00,0.00,0.00,444.21
2019-12-07,0.00,0.00,0.00,0.00,0.00,0.00,652.08
2019-12-08,0.00,0.00,0.00,0.00,0.00,0.00,916.52
2019-12-09,0.00,0.00,0.00,0.00,0.00,0.00,1502.42
2019-12-10,0.00,0.00,0.00,0.00,0.00,0.00,542.05
2019-12-11,0.00,0.00,0.00,0.00,0.00,0.00,749.29
2019-12-12,0.00,0.00,0.00,0.00,0.00,0.00,344.90
2019-12-13,0.00,0.00,0.00,0.00,0.00,0.00,1149.58
2019-12-14,0.00,0.00,0.00,0.00,0.00,0.00,779.44
2019-12-15,0.00,0.00,0.00,0.00,0.00,0.00,1549.93
2019-12-16,0.00,0.00,0.00,0.00,0.00,0.00,1202.13
2019-12-17,0.00,0.00,0.00,0.00,0.00,0.00,1251.87
2019-12-18,0.00,0.00,0.00,0.00,0.00,0.00,1864.02
2019-12-19,0.00,0.00,0.00,0.00,0.00,0.00,1768.32
2019-12-20,0.00,0.00,0.00,0.00,0.00,0.00,444.19
2019-12-21,0.00,0.00,0.00,0.00,0.00,0.00,458.80
2019-12-22,0.00,0.00,0.00,0.00,0.00,0.00,531.55
2019-12-23,0.00,0.00,0.00,0.00,0.00,0.00,767.47
2019-12-24,0.00,0.00,0.00,0.00,0.00,0.00,346.77
2019-12-25,0.00,0.00,0.00,0.00,0.00,0.00,417.55
2019-12-26,0.00,0.00,0.00,0.00,0.00,0.00,430.96
2019-12-27,0.00,0.00,0.00,0.00,0.00,0.00,1508.48
2019-12-28,0.00,0.00,0.00,0.00,0.00,0.00,576.50
2019-12-29,0.00,0.00,0.00,0.00,0.00,0.00,1514.27
2019-12-30,0.00,0.00,0.00,0.00,0.00,0.00,638.79
2019-12-31,0.00,0.00,0.00,0.00,0.00,0.00,544.94
2020-01-01,0.00,0.00,0.00,0.00,0.00,0.00,642.27
2020-01-02,0.00,0.00,0.00,0.00,0.00,0.00,368.68
2020-01-03,0.00,0.00,0.00,0.00,0.00,0.00,416.89
2020-01-04,0.00,0.00,0.00,0.00,0.00,0.00,575.79
2020-01-05,0.00,0.00,0.00,0.00,0.00,0.00,373.49
2020-01-06,0.00,0.00,0.00,0.00,0.00,0.00,1017.31
2020-01-07,0.00,0.00,0.00,0.00,0.00,0.00,636.64
2020-01-08,0.00,0.00,0.00,0.00,0.00,0.00,766.72
2020-01-09,0.00,0.00,0.00,0.00,0.00,0.00,421.10
2020-01-10,0.00,0.00,0.00,0.00,0.00,0.00,270.75
2020-01-11,0.00,0.00,0.00,0.00,0.00,0.00,417.66
2020-01-12,0.00,0.00,0.00,0.00,0.00,0.00,509.95
2020-01-13,0.00,0.00,0.00,0.00,0.00,0.00,459.54
2020-01-14,0.00,0.00,0.00,0.00,0.00,0.00,395.11
2020-01-15,0.00,0.00,0.00,0.00,0.00,0.00,395.89
2020-01-16,0.00,0.00,0.00,0.00,0.00,0.00,565.24
2020-01-17,0.00,0.00,0.00,0.00,0.00,0.00,493.84
2020-01-18,0.00,0.00,0.00,0.00,0.00,0.00,470.09
2020-01-19,0.00,0.00,0.00,0.00,0.00,0.00,1780.80
2020-01-20,0.00,0.00,0.00,0.00,0.00,0.00,1054.47
2020-01-21,0.00,0.00,0.00,0.00,0.00,0.00,251.02
2020-01-22,0.00,0.00,0.00,0.00,0.00,0.00,485.48
2020-01-23,0.00,0.00,0.00,0.00,0.00,0.00,852.88
2020-01-24,0.00,0.00,0.00,0.00,0.00,0.00,580.62
2020-01-25,0.00,0.00,0.00,0.00,0.00,0.00,491.13
2020-01-26,0.00,0.00,0.00,0.00,0.00,0.00,952.97
2020-01-27,0.00,0.00,0.00,0.00,0.00,0.00,1322.52
2020-01-28,0.00,0.00,0.00,0.00,0.00,0.00,1302.69
2020-01-29,0.00,0.00,0.00,0.00,0.00,0.00,652.13
2020-01-30,0.00,0.00,0.00,0.00,0.00,0.00,638.68
2020-01-31,0.00,0.00,0.00,0.00,0.00,0.00,442.10
2020-02-01,0.00,0.00,0.00,0.00,0.00,0.00,467.99
2020-02-02,0.00,0.00,0.00,0.00,0.00,0.00,580.59
2020-02-03,0.00,0.00,0.00,0.00,0.00,0.00,709.43
2020-02-04,0.00,0.00,0.00,0.00,0.00,0.00,854.23
2020-02-05,0.00,0.00,0.00,0.00,0.00,0.00,573.00
2020-02-06,0.00,0.00,0.00,0.00,0.00,0.00,489.07
2020-02-07,0.00,0.00,0.00,0.00,0.00,0.00,926.39
2020-02-08,0.00,0.00,0.00,0.00,0.00,0.00,669.60
2020-02-09,0.00,0.00,0.00,0.00,0.00,0.00,440.02
2020-02-10,0.00,0.00,0.00,0.00,0.00,0.00,724.87
2020-02-11,0.00,0.00,0.00,0.00,0.00,0.00,824.21
2020-02-12,0.00,0.00,0.00,0.00,0.00,0.00,623.36
2020-02-13,0.00,0.00,0.00,0.00,0.00,0.00,1177.54
2020-02-14,0.00,0.00,0.00,0.00,0.00,0.00,1413.34
2020-02-15,0.00,0.00,0.00,0.00,0.00,0.00,657.62
2020-02-16,0.00,0.00,0.00,0.00,0.00,0.00,691.22
2020-02-17,0.00,0.00,0.00,0.00,0.00,0.00,434.99
2020-02-18,0.00,0.00,0.00,0.00,0.00,0.00,672.27
2020-02-19,0.00,0.00,0.00,0.00,0.00,0.00,998.49
2020-02-20,0.00,0.00,0.00,0.00,0.00,0.00,370.08
2020-02-21,0.00,0.00,0.00,0.00,0.00,0.00,650.73
2020-02-22,0.00,0.00,0.00,0.00,0.00,0.00,475.03
2020-02-23,0.00,0.00,0.00,0.00,0.00,0.00,495.98
2020-02-24,0.00,0.00,0.00,0.00,0.00,0.00,427.49
2020-02-25,0.00,0.00,0.00,0.00,0.00,0.00,687.72
2020-02-26,0.00,0.00,0.00,0.00,0.00,0.00,1369.31
2020-02-27,0.00,0.00,0.00,0.00,0.00,0.00,677.28
2020-02-28,0.00,0.00,0.00,0.00,0.00,0.00,583.49
2020-02-29,0.00,0.00,0.00,0.00,0.00,0.00,617.11
2020-03-01,0.00,0.00,0.00,0.00,0.00,0.00,507.28
2020-03-02,0.00,0.00,0.00,0.00,0.00,0.00,915.99
2020-03-03,0.00,0.00,0.00,0.00,0.00,0.00,507.21
2020-03-04,0.00,0.00,0.00,0.00,0.00,0.00,691.19
2020-03-05,0.00,0.00,0.00,0.00,0.00,0.00,799.73
2020-03-06,0.00,0.00,0.00,0.00,0.00,0.00,404.92
2020-03-07,0.00,0.00,0.00,0.00,0.00,0.00,937.67
2020-03-08,0.00,0.00,0.00,0.00,0.00,0.00,887.80
2020-03-09,0.00,0.00,0.00,0.00,0.00,0.00,379.16
2020-03-10,0.00,0.00,0.00,0.00,0.00,0.00,699.67
2020-03-11,0.00,0.00,0.00,0.00,0.00,0.00,495.26
2020-03-12,0.00,0.00,0.00,0.00,0.00,0.00,702.56
2020-03-13,0.00,0.00,0.00,0.00,0.00,0.00,808.82
2020-03-14,0.00,0.00,0.00,0.00,0.00,0.00,726.20
2020-03-15,0.00,0.00,0.00,0.00,0.00,0.00,374.93
2020-03-16,0.00,0.00,0.00,0.00,0.00,0.00,596.11
2020-03-17,0.00,0.00,0.00,0.00,0.00,0.00,682.61
2020-03-18,0.00,0.00,0.00,0.00,0.00,0.00,912.25
2020-03-19,0.00,0.00,0.00,0.00,0.00,0.00,409.98
2020-03-20,0.00,0.00,0.00,0.00,0.00,0.00,311.30
2020-03-21,0.00,0.00,0.00,0.00,0.00,0.00,605.98
2020-03-22,0.00,0.00,0.00,0.00,0.00,0.00,576.55
2020-03-23,0.00,0.00,0.00,0.00,0.00,0.00,580.83
2020-03-24,0.00,0.00,0.00,0.00,0.00,0.00,520.45
2020-03-25,0.00,0.00,0.00,0.00,0.00,0.00,478.52
2020-03-26,0.00,0.00,0.00,0.00,0.00,0.00,742.36
2020-03-27,0.00,0.00,0.00,0.00,0.00,0.00,1248.28
2020-03-28,0.00,0.00,0.00,0.00,0.00,0.00,768.97
2020-03-29,0.00,0.00,0.00,0.00,0.00,0.00,386.20
2020-03-30,0.00,0.00,0.00,0.00,0.00,0.00,435.21
2020-03-31,0.00,0.00,0.00,0.00,0.00,0.00,286.01
2020-04-01,0.00,0.00,0.00,0.00,0.00,0.00,144.75
2020-04-02,0.00,0.00,0.00,0.00,0.00,0.00,446.33
2020-04-03,0.00,0.00,0.00,0.00,0.00,0.00,473.67
2020-04-04,0.00,0.00,0.00,0.00,0.00,0.00,444.28
2020-04-05,0.00,0.00,0.00,0.00,0.00,0.00,307.06
2020-04-06,0.00,0.00,0.00,0.00,0.00,0.00,492.44
2020-04-07,0.00,0.00,0.00,0.00,0.00,0.00,743.56
2020-04-08,0.00,0.00,0.00,0.00,0.00,0.00,583.48
2020-04-09,0.00,0.00,0.00,0.00,0.00,0.00,177.68
2020-04-10,0.00,0.00,0.00,0.00,0.00,0.00,361.77
2020-04-11,0.00,0.00,0.00,0.00,0.00,0.00,556.30
2020-04-12,0.00,0.00,0.00,0.00,0.00,0.00,619.19
2020-04-13,0.00,0.00,0.00,0.00,0.00,0.00,631.19
2020-04-14,0.00,0.00,0.00,0.00,0.00,0.00,535.18
2020-04-15,0.00,0.00,0.00,0.00,0.00,0.00,388.31
2020-04-16,0.00,0.00,0.00,0.00,0.00,0.00,204.28
2020-04-17,0.00,0.00,0.00,0.00,0.00,0.00,699.76
2020-04-18,0.00,0.00,0.00,0.00,0.00,0.00,381.35
2020-04-19,0.00,0.00,0.00,0.00,0.00,0.00,797.76
2020-04-20,0.00,0.00,0.00,0.00,0.00,0.00,190.27
2020-04-21,0.00,0.00,0.00,0.00,0.00,0.00,448.37
2020-04-22,0.00,0.00,0.00,0.00,0.00,0.00,1102.77
2020-04-23,0.00,0.00,0.00,0.00,0.00,0.00,900.56
2020-04-24,0.00,0.00,0.00,0.00,0.00,0.00,468.01
2020-04-25,0.00,0.00,0.00,0.00,0.00,0.00,482.67
2020-04-26,0.00,0.00,0.00,0.00,0.00,0.00,443.50
2020-04-27,0.00,0.00,0.00,0.00,0.00,0.00,473.55
2020-04-28,0.00,0.00,0.00,0.00,0.00,0.00,337.83
2020-04-29,0.00,0.00,0.00,0.00,0.00,0.00,340.72
2020-04-30,0.00,0.00,0.00,0.00,0.00,0.00,428.88
2020-05-01,0.00,0.00,0.00,0.00,0.00,0.00,297.94
2020-05-02,0.00,0.00,0.00,0.00,0.00,0.00,212.60
2020-05-03,0.00,0.00,0.00,0.00,0.00,0.00,498.23
2020-05-04,0.00,0.00,0.00,0.00,0.00,0.00,769.68
2020-05-05,0.00,0.00,0.00,0.00,0.00,0.00,182.46
2020-05-06,0.00,0.00,0.00,0.00,0.00,0.00,312.66
2020-05-07,0.00,0.00,0.00,0.00,0.00,0.00,389.59
2020-05-08,0.00,0.00,0.00,0.00,0.00,0.00,331.60
2020-05-09,0.00,0.00,0.00,0.00,0.00,0.00,238.52
2020-05-10,0.00,0.00,0.00,0.00,0.00,0.00,669.62
2020-05-11,0.00,0.00,0.00,0.00,0.00,0.00,420.39
2020-05-12,0.00,0.00,0.00,0.00,0.00,0.00,475.01
2020-05-13,0.00,0.00,0.00,0.00,0.00,0.00,241.28
2020-05-14,0.00,0.00,0.00,0.00,0.00,0.00,272.85
2020-05-15,0.00,0.00,0.00,0.00,0.00,0.00,244.80
2020-05-16,0.00,0.00,0.00,0.00,0.00,0.00,599.68
2020-05-17,0.00,0.00,0.00,0.00,0.00,0.00,685.62
2020-05-18,0.00,0.00,0.00,0.00,0.00,0.00,1000.02
2020-05-19,0.00,0.00,0.00,0.00,0.00,0.00,237.08
2020-05-20,0.00,0.00,0.00,0.00,0.00,0.00,223.85
2020-05-21,0.00,0.00,0.00,0.00,0.00,0.00,189.58
2020-05-22,0.00,0.00,0.00,0.00,0.00,0.00,400.16
2020-05-23,0.00,0.00,0.00,0.00,0.00,0.00,382.61
2020-05-24,0.00,0.00,0.00,0.00,0.00,0.00,557.62
2020-05-25,0.00,0.00,0.00,0.00,0.00,0.00,1004.89
2020-05-26,0.00,0.00,0.00,0.00,0.00,0.00,776.55
2020-05-27,0.00,0.00,0.00,0.00,0.00,0.00,339.86
2020-05-28,0.00,0.00,0.00,0.00,0.00,0.00,428.18
2020-05-29,0.00,0.00,0.00,0.00,0.00,0.00,449.82
2020-05-30,0.00,0.00,0.00,0.00,0.00,0.00,556.96
2020-05-31,0.00,0.00,0.00,0.00,0.00,0.00,1032.67
2020-06-01,0.00,0.00,0.00,0.00,0.00,0.00,1024.35
2020-06-02,0.00,0.00,0.00,0.00,0.00,0.00,393.76
2020-06-03,0.00,0.00,0.00,0.00,0.00,0.00,557.61
2020-06-04,0.00,0.00,0.00,0.00,0.00,0.00,773.79
2020-06-05,0.00,0.00,0.00,0.00,0.00,0.00,584.86
2020-06-06,0.00,0.00,0.00,0.00,0.00,0.00,906.10
2020-06-07,0.00,0.00,0.00,0.00,0.00,0.00,1495.43
2020-06-08,0.00,0.00,0.00,0.00,0.00,0.00,640.92
2020-06-09,0.00,0.00,0.00,0.00,0.00,0.00,527.51
2020-06-10,0.00,0.00,0.00,0.00,0.00,0.00,437.28
2020-06-11,0.00,0.00,0.00,0.00,0.00,0.00,279.82
2020-06-12,0.00,0.00,0.00,0.00,0.00,0.00,865.54
2020-06-13,0.00,0.00,0.00,0.00,0.00,0.00,1284.12
2020-06-14,0.00,0.00,0.00,0.00,0.00,0.00,885.08
2020-06-15,0.00,0.00,0.00,0.00,0.00,0.00,599.57
2020-06-16,0.00,0.00,0.00,0.00,0.00,0.00,602.34
2020-06-17,0.00,0.00,0.00,0.00,0.00,0.00,324.60
2020-06-18,0.00,0.00,0.00,0.00,0.00,0.00,890.06
2020-06-19,0.00,0.00,0.00,0.00,0.00,0.00,533.15
2020-06-20,0.00,0.00,0.00,0.00,0.00,0.00,335.08
2020-06-21,0.00,0.00,0.00,0.00,0.00,0.00,661.78
2020-06-22,0.00,0.00,0.00,0.00,0.00,0.00,600.99
2020-06-23,0.00,0.00,0.00,0.00,0.00,0.00,470.16
2020-06-24,0.00,0.00,0.00,0.00,0.00,0.00,505.81
2020-06-25,0.00,0.00,0.00,0.00,0.00,0.00,781.60
2020-06-26,0.00,0.00,0.00,0.00,0.00,0.00,1073.22
2020-06-27,0.00,0.00,0.00,0.00,0.00,0.00,1108.37
2020-06-28,0.00,0.00,0.00,0.00,0.00,0.00,587.76
2020-06-29,0.00,0.00,0.00,0.00,0.00,0.00,188.15
2020-06-30,0.00,0.00,0.00,0.00,0.00,0.00,547.79
2020-07-01,0.00,0.00,0.00,0.00,0.00,0.00,433.69
2020-07-02,0.00,0.00,0.00,0.00,0.00,0.00,498.19
2020-07-03,0.00,0.00,0.00,0.00,0.00,0.00,588.44
2020-07-04,0.00,0.00,0.00,0.00,0.00,0.00,938.36
2020-07-05,0.00,0.00,0.00,0.00,0.00,0.00,1090.82
2020-07-06,0.00,0.00,0.00,0.00,0.00,0.00,842.31
2020-07-07,0.00,0.00,0.00,0.00,0.00,0.00,406.43
2020-07-08,0.00,0.00,0.00,0.00,0.00,0.00,438.69
2020-07-09,0.00,0.00,0.00,0.00,0.00,0.00,146.13
2020-07-10,0.00,0.00,0.00,0.00,0.00,0.00,361.68
2020-07-11,0.00,0.00,0.00,0.00,0.00,0.00,211.25
2020-07-12,0.00,0.00,0.00,0.00,0.00,0.00,907.56
2020-07-13,0.00,0.00,0.00,0.00,0.00,0.00,507.28
2020-07-14,0.00,0.00,0.00,0.00,0.00,0.00,689.86
2020-07-15,0.00,0.00,0.00,0.00,0.00,0.00,472.29
2020-07-16,0.00,0.00,0.00,0.00,0.00,0.00,891.39
2020-07-17,0.00,0.00,0.00,0.00,0.00,0.00,305.74
2020-07-18,0.00,0.00,0.00,0.00,0.00,0.00,666.19
2020-07-19,0.00,0.00,0.00,0.00,0.00,0.00,441.49
2020-07-20,0.00,0.00,0.00,0.00,0.00,0.00,571.70
2020-07-21,0.00,0.00,0.00,0.00,0.00,0.00,477.04
2020-07-22,0.00,0.00,0.00,0.00,0.00,0.00,594.68
2020-07-23,0.00,0.00,0.00,0.00,0.00,0.00,527.63
2020-07-24,0.00,0.00,0.00,0.00,0.00,0.00,458.29
2020-07-25,0.00,0.00,0.00,0.00,0.00,0.00,461.76
2020-07-26,0.00,0.00,0.00,0.00,0.00,0.00,967.11
2020-07-27,0.00,0.00,0.00,0.00,0.00,0.00,356.08
2020-07-28,0.00,0.00,0.00,0.00,0.00,0.00,946.60
2020-07-29,0.00,0.00,0.00,0.00,0.00,0.00,270.66
2020-07-30,0.00,0.00,0.00,0.00,0.00,0.00,493.92
2020-07-31,0.00,0.00,0.00,0.00,0.00,0.00,318.26
2020-08-01,0.00,0.00,0.00,0.00,0.00,0.00,664.71
2020-08-02,0.00,0.00,0.00,0.00,0.00,0.00,438.63
2020-08-03,0.00,0.00,0.00,0.00,0.00,0.00,403.70
2020-08-04,0.00,0.00,0.00,0.00,0.00,0.00,663.94
2020-08-05,0.00,0.00,0.00,0.00,0.00,0.00,584.85
2020-08-06,0.00,0.00,0.00,0.00,0.00,0.00,433.06
2020-08-07,0.00,0.00,0.00,0.00,0.00,0.00,398.75
2020-08-08,0.00,0.00,0.00,0.00,0.00,0.00,288.25
2020-08-09,0.00,0.00,0.00,0.00,0.00,0.00,766.22
2020-08-10,0.00,0.00,0.00,0.00,0.00,0.00,387.58
2020-08-11,0.00,0.00,0.00,0.00,0.00,0.00,353.97
2020-08-12,0.00,0.00,0.00,0.00,0.00,0.00,554.11
2020-08-13,0.00,0.00,0.00,0.00,0.00,0.00,442.10
2020-08-14,0.00,0.00,0.00,0.00,0.00,0.00,661.19
2020-08-15,0.00,0.00,0.00,0.00,0.00,0.00,748.68
2020-08-16,0.00,0.00,0.00,0.00,0.00,0.00,531.67
2020-08-17,0.00,0.00,0.00,0.00,0.00,0.00,347.03
2020-08-18,0.00,0.00,0.00,0.00,0.00,0.00,397.30
2020-08-19,0.00,0.00,0.00,0.00,0.00,0.00,312.63
2020-08-20,0.00,0.00,0.00,0.00,0.00,0.00,657.68
2020-08-21,0.00,0.00,0.00,0.00,0.00,0.00,766.19
2020-08-22,0.00,0.00,0.00,0.00,0.00,0.00,377.12
2020-08-23,0.00,0.00,0.00,0.00,0.00,0.00,656.95
2020-08-24,0.00,0.00,0.00,0.00,0.00,0.00,411.37
2020-08-25,0.00,0.00,0.00,0.00,0.00,0.00,298.58
2020-08-26,0.00,0.00,0.00,0.00,0.00,0.00,419.71
2020-08-27,0.00,0.00,0.00,0.00,0.00,0.00,351.91
2020-08-28,0.00,0.00,0.00,0.00,0.00,0.00,286.82
2020-08-29,0.00,0.00,0.00,0.00,0.00,0.00,974.04
2020-08-30,0.00,0.00,0.00,0.00,0.00,0.00,530.33
2020-08-31,0.00,0.00,0.00,0.00,0.00,0.00,492.63
2020-09-01,0.00,0.00,0.00,0.00,0.00,0.00,381.19
2020-09-02,0.00,0.00,0.00,0.00,0.00,0.00,733.12
2020-09-03,0.00,0.00,0.00,0.00,0.00,0.00,896.99
2020-09-04,0.00,0.00,0.00,0.00,0.00,0.00,539.34
2020-09-05,0.00,0.00,0.00,0.00,0.00,0.00,515.69
2020-09-06,0.00,0.00,0.00,0.00,0.00,0.00,2151.99
2020-09-07,0.00,0.00,0.00,0.00,0.00,0.00,524.78
2020-09-08,0.00,0.00,0.00,0.00,0.00,0.00,666.78
2020-09-09,0.00,0.00,0.00,0.00,0.00,0.00,379.86
2020-09-10,0.00,0.00,0.00,0.00,0.00,0.00,284.70
2020-09-11,0.00,0.00,0.00,0.00,0.00,0.00,690.59
2020-09-12,0.00,0.00,0.00,0.00,0.00,0.00,463.16
2020-09-13,0.00,0.00,0.00,0.00,0.00,0.00,458.16
2020-09-14,0.00,0.00,0.00,0.00,0.00,0.00,699.65
2020-09-15,0.00,0.00,0.00,0.00,0.00,0.00,367.93
2020-09-16,0.00,0.00,0.00,0.00,0.00,0.00,824.94
2020-09-17,0.00,0.00,0.00,0.00,0.00,0.00,440.15
2020-09-18,0.00,0.00,0.00,0.00,0.00,0.00,446.35
2020-09-19,0.00,0.00,0.00,0.00,0.00,0.00,878.20
2020-09-20,0.00,0.00,0.00,0.00,0.00,0.00,761.95
2020-09-21,0.00,0.00,0.00,0.00,0.00,0.00,835.49
2020-09-22,0.00,0.00,0.00,0.00,0.00,0.00,928.42
2020-09-23,0.00,0.00,0.00,0.00,0.00,0.00,587.66
2020-09-24,0.00,0.00,0.00,0.00,0.00,0.00,789.94
2020-09-25,0.00,0.00,0.00,0.00,0.00,0.00,685.71
2020-09-26,0.00,0.00,0.00,0.00,0.00,0.00,556.30
2020-09-27,0.00,0.00,0.00,0.00,0.00,0.00,594.01
2020-09-28,0.00,0.00,0.00,0.00,0.00,0.00,514.33
2020-09-29,0.00,0.00,0.00,0.00,0.00,0.00,515.56
2020-09-30,0.00,0.00,0.00,0.00,0.00,0.00,200.70
2020-10-01,0.00,0.00,0.00,0.00,0.00,0.00,333.73
2020-10-02,0.00,0.00,0.00,0.00,0.00,0.00,565.35
2020-10-03,0.00,0.00,0.00,0.00,0.00,0.00,535.30
2020-10-04,0.00,0.00,0.00,0.00,0.00,0.00,1249.70
2020-10-05,0.00,0.00,0.00,0.00,0.00,0.00,1007.66
2020-10-06,0.00,0.00,0.00,0.00,0.00,0.00,396.54
2020-10-07,0.00,0.00,0.00,0.00,0.00,0.00,722.79
2020-10-08,0.00,0.00,0.00,0.00,0.00,0.00,402.93
2020-10-09,0.00,0.00,0.00,0.00,0.00,0.00,482.71
2020-10-10,0.00,0.00,0.00,0.00,0.00,0.00,743.08
2020-10-11,0.00,0.00,0.00,0.00,0.00,0.00,973.25
2020-10-12,0.00,0.00,0.00,0.00,0.00,0.00,1834.11
2020-10-13,0.00,0.00,0.00,0.00,0.00,0.00,1206.00
2020-10-14,0.00,0.00,0.00,0.00,0.00,0.00,1444.23
2020-10-15,0.00,0.00,0.00,0.00,0.00,0.00,1592.73
2020-10-16,0.00,0.00,0.00,0.00,0.00,0.00,466.70
2020-10-17,0.00,0.00,0.00,0.00,0.00,0.00,605.28
2020-10-18,0.00,0.00,0.00,0.00,0.00,0.00,447.04
2020-10-19,0.00,0.00,0.00,0.00,0.00,0.00,382.70
2020-10-20,0.00,0.00,0.00,0.00,0.00,0.00,679.20
2020-10-21,0.00,0.00,0.00,0.00,0.00,0.00,656.29
2020-10-22,0.00,0.00,0.00,0.00,0.00,0.00,501.66
2020-10-23,0.00,0.00,0.00,0.00,0.00,0.00,813.78
2020-10-24,0.00,0.00,0.00,0.00,0.00,0.00,535.18
2020-10-25,0.00,0.00,0.00,0.00,0.00,0.00,1084.48
2020-10-26,0.00,0.00,0.00,0.00,0.00,0.00,668.89
2020-10-27,0.00,0.00,0.00,0.00,0.00,0.00,474.24
2020-10-28,0.00,0.00,0.00,0.00,0.00,0.00,616.30
2020-10-29,0.00,0.00,0.00,0.00,0.00,0.00,369.94
2020-10-30,0.00,0.00,0.00,0.00,0.00,0.00,492.45
2020-10-31,0.00,0.00,0.00,0.00,0.00,0.00,824.12
2020-11-01,0.00,0.00,0.00,0.00,0.00,0.00,898.45
2020-11-02,0.00,0.00,0.00,0.00,0.00,0.00,801.81
2020-11-03,0.00,0.00,0.00,0.00,0.00,0.00,735.90
2020-11-04,0.00,0.00,0.00,0.00,0.00,0.00,500.22
2020-11-05,0.00,0.00,0.00,0.00,0.00,0.00,281.20
2020-11-06,0.00,0.00,0.00,0.00,0.00,0.00,497.43
2020-11-07,0.00,0.00,0.00,0.00,0.00,0.00,658.34
2020-11-08,0.00,0.00,0.00,0.00,0.00,0.00,992.81
2020-11-09,0.00,0.00,0.00,0.00,0.00,0.00,1188.85
2020-11-10,0.00,0.00,0.00,0.00,0.00,0.00,733.15
2020-11-11,0.00,0.00,0.00,0.00,0.00,0.00,514.08
2020-11-12,0.00,0.00,0.00,0.00,0.00,0.00,594.70
2020-11-13,0.00,0.00,0.00,0.00,0.00,0.00,844.50
2020-11-14,0.00,0.00,0.00,0.00,0.00,0.00,424.70
2020-11-15,0.00,0.00,0.00,0.00,0.00,0.00,961.46
2020-11-16,0.00,0.00,0.00,0.00,0.00,0.00,483.42
2020-11-17,0.00,0.00,0.00,0.00,0.00,0.00,460.24
2020-11-18,0.00,0.00,0.00,0.00,0.00,0.00,443.49
2020-11-19,0.00,0.00,0.00,0.00,0.00,0.00,316.13
2020-11-20,0.00,0.00,0.00,0.00,0.00,0.00,670.20
2020-11-21,0.00,0.00,0.00,0.00,0.00,0.00,568.18
2020-11-22,0.00,0.00,0.00,0.00,0.00,0.00,706.50
2020-11-23,0.00,0.00,0.00,0.00,0.00,0.00,782.17
2020-11-24,0.00,0.00,0.00,0.00,0.00,0.00,538.69
2020-11-25,0.00,0.00,0.00,0.00,0.00,0.00,681.44
2020-11-26,0.00,0.00,0.00,0.00,0.00,0.00,311.94
2020-11-27,0.00,0.00,0.00,0.00,0.00,0.00,372.16
2020-11-28,0.00,0.00,0.00,0.00,0.00,0.00,318.26
2020-11-29,0.00,0.00,0.00,0.00,0.00,0.00,862.02
2020-11-30,0.00,0.00,0.00,0.00,0.00,0.00,534.52
2020-12-01,0.00,0.00,0.00,0.00,0.00,0.00,621.86
2020-12-02,0.00,0.00,0.00,0.00,0.00,0.00,731.75
2020-12-03,0.00,0.00,0.00,0.00,0.00,0.00,786.42
2020-12-04,0.00,0.00,0.00,0.00,0.00,0.00,656.35
2020-12-05,0.00,0.00,0.00,0.00,0.00,0.00,402.24
2020-12-06,0.00,0.00,0.00,0.00,0.00,0.00,417.64
2020-12-07,0.00,0.00,0.00,0.00,0.00,0.00,456.14
2020-12-08,0.00,0.00,0.00,0.00,0.00,0.00,528.12
2020-12-09,0.00,0.00,0.00,0.00,0.00,0.00,340.59
2020-12-10,0.00,0.00,0.00,0.00,0.00,0.00,596.05
2020-12-11,0.00,0.00,0.00,0.00,0.00,0.00,705.88
2020-12-12,0.00,0.00,0.00,0.00,0.00,0.00,568.11
2020-12-13,0.00,0.00,0.00,0.00,0.00,0.00,809.50
2020-12-14,0.00,0.00,0.00,0.00,0.00,0.00,591.91
2020-12-15,0.00,0.00,0.00,0.00,0.00,0.00,444.87
2020-12-16,0.00,0.00,0.00,0.00,0.00,0.00,360.33
2020-12-17,0.00,0.00,0.00,0.00,0.00,0.00,141.32
2020-12-18,0.00,0.00,0.00,0.00,0.00,0.00,888.64
2020-12-19,0.00,0.00,0.00,0.00,0.00,0.00,655.56
2020-12-20,0.00,0.00,0.00,0.00,0.00,0.00,528.14
2020-12-21,0.00,0.00,0.00,0.00,0.00,0.00,681.48
2020-12-22,0.00,0.00,0.00,0.00,0.00,0.00,730.45
2020-12-23,0.00,0.00,0.00,0.00,0.00,0.00,576.44
2020-12-24,0.00,0.00,0.00,0.00,0.00,0.00,694.16
2020-12-25,0.00,0.00,0.00,0.00,0.00,0.00,318.24
2020-12-26,0.00,0.00,0.00,0.00,0.00,0.00,475.83
2020-12-27,0.00,0.00,0.00,0.00,0.00,0.00,1043.27
2020-12-28,0.00,0.00,0.00,0.00,0.00,0.00,591.21
2020-12-29,0.00,0.00,0.00,0.00,0.00,0.00,326.59
2020-12-30,0.00,0.00,0.00,0.00,0.00,0.00,730.44
2020-12-31,0.00,0.00,0.00,0.00,0.00,0.00,413.43
2021-01-01,0.00,0.00,0.00,0.00,0.00,0.00,777.39
2021-01-02,0.00,0.00,0.00,0.00,0.00,0.00,888.70
2021-01-03,0.00,0.00,0.00,0.00,0.00,0.00,621.89
2021-01-04,0.00,0.00,0.00,0.00,0.00,0.00,426.75
2021-01-05,0.00,0.00,0.00,0.00,0.00,0.00,197.11
2021-01-06,0.00,0.00,0.00,0.00,0.00,0.00,945.28
2021-01-07,0.00,0.00,0.00,0.00,0.00,0.00,493.19
2021-01-08,0.00,0.00,0.00,0.00,0.00,0.00,673.71
2021-01-09,0.00,0.00,0.00,0.00,0.00,0.00,347.68
2021-01-10,0.00,0.00,0.00,0.00,0.00,0.00,529.59
2021-01-11,0.00,0.00,0.00,0.00,0.00,0.00,674.37
2021-01-12,0.00,0.00,0.00,0.00,0.00,0.00,632.32
2021-01-13,0.00,0.00,0.00,0.00,0.00,0.00,309.17
2021-01-14,0.00,0.00,0.00,0.00,0.00,0.00,213.39
2021-01-15,0.00,0.00,0.00,0.00,0.00,0.00,405.84
2021-01-16,0.00,0.00,0.00,0.00,0.00,0.00,288.22
2021-01-17,0.00,0.00,0.00,0.00,0.00,0.00,382.67
2021-01-18,0.00,0.00,0.00,0.00,0.00,0.00,426.03
2021-01-19,0.00,0.00,0.00,0.00,0.00,0.00,537.21
2021-01-20,0.00,0.00,0.00,0.00,0.00,0.00,431.64
2021-01-21,0.00,0.00,0.00,0.00,0.00,0.00,393.20
2021-01-22,0.00,0.00,0.00,0.00,0.00,0.00,386.13
2021-01-23,0.00,0.00,0.00,0.00,0.00,0.00,717.24
2021-01-24,0.00,0.00,0.00,0.00,0.00,0.00,1098.57
2021-01-25,0.00,0.00,0.00,0.00,0.00,0.00,414.18
2021-01-26,0.00,0.00,0.00,0.00,0.00,0.00,437.91
2021-01-27,0.00,0.00,0.00,0.00,0.00,0.00,395.93
2021-01-28,0.00,0.00,0.00,0.00,0.00,0.00,291.68
2021-01-29,0.00,0.00,0.00,0.00,0.00,0.00,562.48
2021-01-30,0.00,0.00,0.00,0.00,0.00,0.00,360.95
2021-01-31,0.00,0.00,0.00,0.00,0.00,0.00,545.70
2021-02-01,0.00,0.00,0.00,0.00,0.00,0.00,916.59
2021-02-02,0.00,0.00,0.00,0.00,0.00,0.00,392.43
2021-02-03,0.00,0.00,0.00,0.00,0.00,0.00,837.58
2021-02-04,0.00,0.00,0.00,0.00,0.00,0.00,514.23
2021-02-05,0.00,0.00,0.00,0.00,0.00,0.00,493.19
2021-02-06,0.00,0.00,0.00,0.00,0.00,0.00,668.19
2021-02-07,0.00,0.00,0.00,0.00,0.00,0.00,568.16
2021-02-08,0.00,0.00,0.00,0.00,0.00,0.00,479.27
2021-02-09,0.00,0.00,0.00,0.00,0.00,0.00,446.94
2021-02-10,0.00,0.00,0.00,0.00,0.00,0.00,386.16
2021-02-11,0.00,0.00,0.00,0.00,0.00,0.00,557.63
2021-02-12,0.00,0.00,0.00,0.00,0.00,0.00,241.33
2021-02-13,0.00,0.00,0.00,0.00,0.00,0.00,631.04
2021-02-14,0.00,0.00,0.00,0.00,0.00,0.00,654.91
2021-02-15,0.00,0.00,0.00,0.00,0.00,0.00,773.12
2021-02-16,0.00,0.00,0.00,0.00,0.00,0.00,901.89
2021-02-17,0.00,0.00,0.00,0.00,0.00,0.00,328.72
2021-02-18,0.00,0.00,0.00,0.00,0.00,0.00,668.23
2021-02-19,0.00,0.00,0.00,0.00,0.00,0.00,521.19
2021-02-20,0.00,0.00,0.00,0.00,0.00,0.00,405.86
2021-02-21,0.00,0.00,0.00,0.00,0.00,0.00,1228.13
2021-02-22,0.00,0.00,0.00,0.00,0.00,0.00,556.30
2021-02-23,0.00,0.00,0.00,0.00,0.00,0.00,402.23
2021-02-24,0.00,0.00,0.00,0.00,0.00,0.00,223.83
2021-02-25,0.00,0.00,0.00,0.00,0.00,0.00,286.83
2021-02-26,0.00,0.00,0.00,0.00,0.00,0.00,512.05
2021-02-27,0.00,0.00,0.00,0.00,0.00,0.00,300.85
2021-02-28,0.00,0.00,0.00,0.00,0.00,0.00,521.19
2021-03-01,0.00,0.00,0.00,0.00,0.00,0.00,685.71
2021-03-02,0.00,0.00,0.00,0.00,0.00,0.00,328.74
2021-03-03,0.00,0.00,0.00,0.00,0.00,0.00,594.66
2021-03-04,0.00,0.00,0.00,0.00,0.00,0.00,289.56
2021-03-05,0.00,0.00,0.00,0.00,0.00,0.00,458.30
2021-03-06,0.00,0.00,0.00,0.00,0.00,0.00,501.02
2021-03-07,0.00,0.00,0.00,0.00,0.00,0.00,354.59
2021-03-08,0.00,0.00,0.00,0.00,0.00,0.00,694.18
2021-03-09,0.00,0.00,0.00,0.00,0.00,0.00,271.38
2021-03-10,0.00,0.00,0.00,0.00,0.00,0.00,235.68
2021-03-11,0.00,0.00,0.00,0.00,0.00,0.00,188.85
2021-03-12,0.00,0.00,0.00,0.00,0.00,0.00,160.11
2021-03-13,0.00,0.00,0.00,0.00,0.00,0.00,518.41
2021-03-14,0.00,0.00,0.00,0.00,0.00,0.00,596.16
2021-03-15,0.00,0.00,0.00,0.00,0.00,0.00,568.79
2021-03-16,0.00,0.00,0.00,0.00,0.00,0.00,230.83
2021-03-17,0.00,0.00,0.00,0.00,0.00,0.00,433.73
2021-03-18,0.00,0.00,0.00,0.00,0.00,0.00,190.93
2021-03-19,0.00,0.00,0.00,0.00,0.00,0.00,556.19
2021-03-20,0.00,0.00,0.00,0.00,0.00,0.00,139.86
2021-03-21,0.00,0.00,0.00,0.00,0.00,0.00,209.13
2021-03-22,0.00,0.00,0.00,0.00,0.00,0.00,771.11
2021-03-23,0.00,0.00,0.00,0.00,0.00,0.00,309.84
2021-03-24,0.00,0.00,0.00,0.00,0.00,0.00,573.14
2021-03-25,0.00,0.00,0.00,0.00,0.00,0.00,430.98
2021-03-26,0.00,0.00,0.00,0.00,0.00,0.00,300.12
2021-03-27,0.00,0.00,0.00,0.00,0.00,0.00,332.28
2021-03-28,0.00,0.00,0.00,0.00,0.00,0.00,531.69
2021-03-29,0.00,0.00,0.00,0.00,0.00,0.00,750.02
2021-03-30,0.00,0.00,0.00,0.00,0.00,0.00,404.31
2021-03-31,0.00,0.00,0.00,0.00,0.00,0.00,504.34
2021-04-01,0.00,0.00,0.00,0.00,0.00,0.00,440.03
2021-04-02,0.00,0.00,0.00,0.00,0.00,0.00,304.95
2021-04-03,0.00,0.00,0.00,0.00,0.00,0.00,575.06
2021-04-04,0.00,0.00,0.00,0.00,0.00,0.00,533.14
2021-04-05,0.00,0.00,0.00,0.00,0.00,0.00,502.99
2021-04-06,0.00,0.00,0.00,0.00,0.00,0.00,206.28
2021-04-07,0.00,0.00,0.00,0.00,0.00,0.00,317.60
2021-04-08,0.00,0.00,0.00,0.00,0.00,0.00,685.69
2021-04-09,0.00,0.00,0.00,0.00,0.00,0.00,277.69
2021-04-10,0.00,0.00,0.00,0.00,0.00,0.00,368.69
2021-04-11,0.00,0.00,0.00,0.00,0.00,0.00,668.84
2021-04-12,0.00,0.00,0.00,0.00,0.00,0.00,444.23
2021-04-13,0.00,0.00,0.00,0.00,0.00,0.00,492.57
2021-04-14,0.00,0.00,0.00,0.00,0.00,0.00,295.17
2021-04-15,0.00,0.00,0.00,0.00,0.00,0.00,139.87
2021-04-16,0.00,0.00,0.00,0.00,0.00,0.00,373.58
2021-04-17,0.00,0.00,0.00,0.00,0.00,0.00,185.39
2021-04-18,0.00,0.00,0.00,0.00,0.00,0.00,382.56
2021-04-19,0.00,0.00,0.00,0.00,0.00,0.00,613.63
2021-04-20,0.00,0.00,0.00,0.00,0.00,0.00,654.83
2021-04-21,0.00,0.00,0.00,0.00,0.00,0.00,332.23
2021-04-22,0.00,0.00,0.00,0.00,0.00,0.00,304.33
2021-04-23,0.00,0.00,0.00,0.00,0.00,0.00,1046.07
2021-04-24,0.00,0.00,0.00,0.00,0.00,0.00,500.21
2021-04-25,0.00,0.00,0.00,0.00,0.00,0.00,525.44
2021-04-26,0.00,0.00,0.00,0.00,0.00,0.00,484.09
2021-04-27,0.00,0.00,0.00,0.00,0.00,0.00,359.50
2021-04-28,0.00,0.00,0.00,0.00,0.00,0.00,682.17
2021-04-29,0.00,0.00,0.00,0.00,0.00,0.00,486.19
2021-04-30,0.00,0.00,0.00,0.00,0.00,0.00,337.13
2021-05-01,0.00,0.00,0.00,0.00,0.00,0.00,803.94
2021-05-02,0.00,0.00,0.00,0.00,0.00,0.00,682.82
2021-05-03,0.00,0.00,0.00,0.00,0.00,0.00,382.66
2021-05-04,0.00,0.00,0.00,0.00,0.00,0.00,440.10
2021-05-05,0.00,0.00,0.00,0.00,0.00,0.00,437.21
2021-05-06,0.00,0.00,0.00,0.00,0.00,0.00,356.02
2021-05-07,0.00,0.00,0.00,0.00,0.00,0.00,388.29
2021-05-08,0.00,0.00,0.00,0.00,0.00,0.00,314.83
2021-05-09,0.00,0.00,0.00,0.00,0.00,0.00,447.73
2021-05-10,0.00,0.00,0.00,0.00,0.00,0.00,548.43
2021-05-11,0.00,0.00,0.00,0.00,0.00,0.00,762.57
2021-05-12,0.00,0.00,0.00,0.00,0.00,0.00,300.70
2021-05-13,0.00,0.00,0.00,0.00,0.00,0.00,305.74
2021-05-14,0.00,0.00,0.00,0.00,0.00,0.00,407.21
2021-05-15,0.00,0.00,0.00,0.00,0.00,0.00,445.61
2021-05-16,0.00,0.00,0.00,0.00,0.00,0.00,651.41
2021-05-17,0.00,0.00,0.00,0.00,0.00,0.00,482.01
2021-05-18,0.00,0.00,0.00,0.00,0.00,0.00,168.49
2021-05-19,0.00,0.00,0.00,0.00,0.00,0.00,493.26
2021-05-20,0.00,0.00,0.00,0.00,0.00,0.00,377.75
2021-05-21,0.00,0.00,0.00,0.00,0.00,0.00,307.15
2021-05-22,0.00,0.00,0.00,0.00,0.00,0.00,298.73
2021-05-23,0.00,0.00,0.00,0.00,0.00,0.00,675.26
2021-05-24,0.00,0.00,0.00,0.00,0.00,0.00,265.83
2021-05-25,0.00,0.00,0.00,0.00,0.00,0.00,120.25
2021-05-26,0.00,0.00,0.00,0.00,0.00,0.00,565.99
2021-05-27,0.00,0.00,0.00,0.00,0.00,0.00,648.52
2021-05-28,0.00,0.00,0.00,0.00,0.00,0.00,513.51
2021-05-29,0.00,0.00,0.00,0.00,0.00,0.00,433.77
2021-05-30,0.00,0.00,0.00,0.00,0.00,0.00,938.25
2021-05-31,0.00,0.00,0.00,0.00,0.00,0.00,750.17
2021-06-01,0.00,0.00,0.00,0.00,0.00,0.00,1083.70
2021-06-02,0.00,0.00,0.00,0.00,0.00,0.00,629.70
2021-06-03,0.00,0.00,0.00,0.00,0.00,0.00,598.15
2021-06-04,0.00,0.00,0.00,0.00,0.00,0.00,391.80
2021-06-05,0.00,0.00,0.00,0.00,0.00,0.00,554.10
2021-06-06,0.00,0.00,0.00,0.00,0.00,0.00,731.79
2021-06-07,0.00,0.00,0.00,0.00,0.00,0.00,916.64
2021-06-08,0.00,0.00,0.00,0.00,0.00,0.00,745.86
2021-06-09,0.00,0.00,0.00,0.00,0.00,0.00,417.70
2021-06-10,0.00,0.00,0.00,0.00,0.00,0.00,599.69
2021-06-11,0.00,0.00,0.00,0.00,0.00,0.00,670.29
2021-06-12,0.00,0.00,0.00,0.00,0.00,0.00,522.64
2021-06-13,0.00,0.00,0.00,0.00,0.00,0.00,724.09
2021-06-14,0.00,0.00,0.00,0.00,0.00,0.00,425.41
2021-06-15,0.00,0.00,0.00,0.00,0.00,0.00,666.79
2021-06-16,0.00,0.00,0.00,0.00,0.00,0.00,184.63
2021-06-17,0.00,0.00,0.00,0.00,0.00,0.00,419.78
2021-06-18,0.00,0.00,0.00,0.00,0.00,0.00,323.20
2021-06-19,0.00,0.00,0.00,0.00,0.00,0.00,398.79
2021-06-20,0.00,0.00,0.00,0.00,0.00,0.00,484.14
2021-06-21,0.00,0.00,0.00,0.00,0.00,0.00,151.04
2021-06-22,0.00,0.00,0.00,0.00,0.00,0.00,456.86
2021-06-23,0.00,0.00,0.00,0.00,0.00,0.00,300.87
2021-06-24,0.00,0.00,0.00,0.00,0.00,0.00,396.73
2021-06-25,0.00,0.00,0.00,0.00,0.00,0.00,709.49
2021-06-26,0.00,0.00,0.00,0.00,0.00,0.00,585.68
2021-06-27,0.00,0.00,0.00,0.00,0.00,0.00,1047.51
2021-06-28,0.00,0.00,0.00,0.00,0.00,0.00,617.02
2021-06-29,0.00,0.00,0.00,0.00,0.00,0.00,456.15
2021-06-30,0.00,0.00,0.00,0.00,0.00,0.00,730.53
2021-07-01,0.00,0.00,0.00,0.00,0.00,0.00,725.59
2021-07-02,0.00,0.00,0.00,0.00,0.00,0.00,142.64
2021-07-03,0.00,0.00,0.00,0.00,0.00,0.00,242.73
2021-07-04,0.00,0.00,0.00,0.00,0.00,0.00,451.30
2021-07-05,0.00,0.00,0.00,0.00,0.00,0.00,811.72
2021-07-06,0.00,0.00,0.00,0.00,0.00,0.00,341.34
2021-07-07,0.00,0.00,0.00,0.00,0.00,0.00,422.56
2021-07-08,0.00,0.00,0.00,0.00,0.00,0.00,536.67
2021-07-09,0.00,0.00,0.00,0.00,0.00,0.00,363.09
2021-07-10,0.00,0.00,0.00,0.00,0.00,0.00,1058.80
2021-07-11,0.00,0.00,0.00,0.00,0.00,0.00,562.51
2021-07-12,0.00,0.00,0.00,0.00,0.00,0.00,510.87
2021-07-13,0.00,0.00,0.00,0.00,0.00,0.00,427.47
2021-07-14,0.00,0.00,0.00,0.00,0.00,0.00,508.63
2021-07-15,0.00,0.00,0.00,0.00,0.00,0.00,1111.19
2021-07-16,0.00,0.00,0.00,0.00,0.00,0.00,521.96
2021-07-17,0.00,0.00,0.00,0.00,0.00,0.00,471.54
2021-07-18,0.00,0.00,0.00,0.00,0.00,0.00,354.78
2021-07-19,0.00,0.00,0.00,0.00,0.00,0.00,638.15
2021-07-20,0.00,0.00,0.00,0.00,0.00,0.00,1085.33
2021-07-21,0.00,0.00,0.00,0.00,0.00,0.00,568.10
2021-07-22,0.00,0.00,0.00,0.00,0.00,0.00,399.43
2021-07-23,0.00,0.00,0.00,0.00,0.00,0.00,270.68
2021-07-24,0.00,0.00,0.00,0.00,0.00,0.00,223.82
2021-07-25,0.00,0.00,0.00,0.00,0.00,0.00,283.95
2021-07-26,0.00,0.00,0.00,0.00,0.00,0.00,402.37
2021-07-27,0.00,0.00,0.00,0.00,0.00,0.00,672.44
2021-07-28,0.00,0.00,0.00,0.00,0.00,0.00,409.18
2021-07-29,0.00,0.00,0.00,0.00,0.00,0.00,337.87
2021-07-30,0.00,0.00,0.00,0.00,0.00,0.00,544.28
2021-07-31,0.00,0.00,0.00,0.00,0.00,0.00,500.21
2021-08-01,0.00,0.00,0.00,0.00,0.00,0.00,437.99
2021-08-02,0.00,0.00,0.00,0.00,0.00,0.00,390.40
2021-08-03,0.00,0.00,0.00,0.00,0.00,0.00,239.18
2021-08-04,0.00,0.00,0.00,0.00,0.00,0.00,664.68
2021-08-05,0.00,0.00,0.00,0.00,0.00,0.00,860.01
2021-08-06,0.00,0.00,0.00,0.00,0.00,0.00,410.63
2021-08-07,0.00,0.00,0.00,0.00,0.00,0.00,1235.79
2021-08-08,0.00,0.00,0.00,0.00,0.00,0.00,794.18
2021-08-09,0.00,0.00,0.00,0.00,0.00,0.00,650.80
2021-08-10,0.00,0.00,0.00,0.00,0.00,0.00,941.14
2021-08-11,0.00,0.00,0.00,0.00,0.00,0.00,181.88
2021-08-12,0.00,0.00,0.00,0.00,0.00,0.00,583.58
2021-08-13,0.00,0.00,0.00,0.00,0.00,0.00,382.75
2021-08-14,0.00,0.00,0.00,0.00,0.00,0.00,365.88
2021-08-15,0.00,0.00,0.00,0.00,0.00,0.00,253.25
2021-08-16,0.00,0.00,0.00,0.00,0.00,0.00,542.28
2021-08-17,0.00,0.00,0.00,0.00,0.00,0.00,211.18
2021-08-18,0.00,0.00,0.00,0.00,0.00,0.00,507.97
2021-08-19,0.00,0.00,0.00,0.00,0.00,0.00,503.76
2021-08-20,0.00,0.00,0.00,0.00,0.00,0.00,300.78
2021-08-21,0.00,0.00,0.00,0.00,0.00,0.00,253.23
2021-08-22,0.00,0.00,0.00,0.00,0.00,0.00,244.85
2021-08-23,0.00,0.00,0.00,0.00,0.00,0.00,205.68
2021-08-24,0.00,0.00,0.00,0.00,0.00,0.00,521.84
2021-08-25,0.00,0.00,0.00,0.00,0.00,0.00,328.83
2021-08-26,0.00,0.00,0.00,0.00,0.00,0.00,560.37
2021-08-27,0.00,0.00,0.00,0.00,0.00,0.00,160.09
2021-08-28,0.00,0.00,0.00,0.00,0.00,0.00,373.62
2021-08-29,0.00,0.00,0.00,0.00,0.00,0.00,496.11
2021-08-30,0.00,0.00,0.00,0.00,0.00,0.00,314.90
2021-08-31,0.00,0.00,0.00,0.00,0.00,0.00,247.62
2021-09-01,0.00,0.00,0.00,0.00,0.00,0.00,363.84
2021-09-02,0.00,0.00,0.00,0.00,0.00,0.00,517.15
2021-09-03,0.00,0.00,0.00,0.00,0.00,0.00,431.70
2021-09-04,0.00,0.00,0.00,0.00,0.00,0.00,340.75
2021-09-05,0.00,0.00,0.00,0.00,0.00,0.00,487.68
2021-09-06,0.00,0.00,0.00,0.00,0.00,0.00,888.06
2021-09-07,0.00,0.00,0.00,0.00,0.00,0.00,299.31
2021-09-08,0.00,0.00,0.00,0.00,0.00,0.00,637.35
2021-09-09,0.00,0.00,0.00,0.00,0.00,0.00,387.56
2021-09-10,0.00,0.00,0.00,0.00,0.00,0.00,274.26
2021-09-11,0.00,0.00,0.00,0.00,0.00,0.00,160.90
2021-09-12,0.00,0.00,0.00,0.00,0.00,0.00,123.81
2021-09-13,0.00,0.00,0.00,0.00,0.00,0.00,511.47
2021-09-14,0.00,0.00,0.00,0.00,0.00,0.00,241.95
2021-09-15,0.00,0.00,0.00,0.00,0.00,0.00,415.58
2021-09-16,0.00,0.00,0.00,0.00,0.00,0.00,381.27
2021-09-17,0.00,0.00,0.00,0.00,0.00,0.00,472.26
2021-09-18,0.00,0.00,0.00,0.00,0.00,0.00,339.98
2021-09-19,0.00,0.00,0.00,0.00,0.00,0.00,535.93
2021-09-20,0.00,0.00,0.00,0.00,0.00,0.00,185.38
2021-09-21,0.00,0.00,0.00,0.00,0.00,0.00,603.89
2021-09-22,0.00,0.00,0.00,0.00,0.00,0.00,283.36
2021-09-23,0.00,0.00,0.00,0.00,0.00,0.00,144.80
2021-09-24,0.00,0.00,0.00,0.00,0.00,0.00,444.31
2021-09-25,0.00,0.00,0.00,0.00,0.00,0.00,344.25
2021-09-26,0.00,0.00,0.00,0.00,0.00,0.00,204.27
2021-09-27,0.00,0.00,0.00,0.00,0.00,0.00,325.27
2021-09-28,0.00,0.00,0.00,0.00,0.00,0.00,330.81
2021-09-29,0.00,0.00,0.00,0.00,0.00,0.00,579.92
2021-09-30,0.00,0.00,0.00,0.00,0.00,0.00,402.28
2021-10-01,0.00,0.00,0.00,0.00,0.00,0.00,262.31
2021-10-02,0.00,0.00,0.00,0.00,0.00,0.00,139.90
2021-10-03,0.00,0.00,0.00,0.00,0.00,0.00,305.70
2021-10-04,0.00,0.00,0.00,0.00,0.00,0.00,631.88
2021-10-05,0.00,0.00,0.00,0.00,0.00,0.00,464.56
2021-10-06,0.00,0.00,0.00,0.00,0.00,0.00,437.19
2021-10-07,0.00,0.00,0.00,0.00,0.00,0.00,211.96
2021-10-08,0.00,0.00,0.00,0.00,0.00,0.00,360.90
2021-10-09,0.00,0.00,0.00,0.00,0.00,0.00,164.41
2021-10-10,0.00,0.00,0.00,0.00,0.00,0.00,118.18
2021-10-11,0.00,0.00,0.00,0.00,0.00,0.00,150.39
2021-10-12,0.00,0.00,0.00,0.00,0.00,0.00,242.77
2021-10-13,0.00,0.00,0.00,0.00,0.00,0.00,428.18
2021-10-14,0.00,0.00,0.00,0.00,0.00,0.00,319.75
2021-10-15,0.00,0.00,0.00,0.00,0.00,0.00,439.33
2021-10-16,0.00,0.00,0.00,0.00,0.00,0.00,478.64
2021-10-17,0.00,0.00,0.00,0.00,0.00,0.00,739.65
2021-10-18,0.00,0.00,0.00,0.00,0.00,0.00,428.23
2021-10-19,0.00,0.00,0.00,0.00,0.00,0.00,463.03
2021-10-20,0.00,0.00,0.00,0.00,0.00,0.00,216.85
2021-10-21,0.00,0.00,0.00,0.00,0.00,0.00,83.94
2021-10-22,0.00,0.00,0.00,0.00,0.00,0.00,115.37
2021-10-23,0.00,0.00,0.00,0.00,0.00,0.00,552.85
2021-10-24,0.00,0.00,0.00,0.00,0.00,0.00,430.30
2021-10-25,0.00,0.00,0.00,0.00,0.00,0.00,652.74
2021-10-26,0.00,0.00,0.00,0.00,0.00,0.00,445.03
2021-10-27,0.00,0.00,0.00,0.00,0.00,0.00,398.12
2021-10-28,0.00,0.00,0.00,0.00,0.00,0.00,520.58
2021-10-29,0.00,0.00,0.00,0.00,0.00,0.00,363.07
2021-10-30,0.00,0.00,0.00,0.00,0.00,0.00,255.44
2021-10-31,0.00,0.00,0.00,0.00,0.00,0.00,363.83
2021-11-01,0.00,0.00,0.00,0.00,0.00,0.00,1254.81
2021-11-02,0.00,0.00,0.00,0.00,0.00,0.00,527.50
2021-11-03,0.00,0.00,0.00,0.00,0.00,0.00,293.85
2021-11-04,0.00,0.00,0.00,0.00,0.00,0.00,444.33
2021-11-05,0.00,0.00,0.00,0.00,0.00,0.00,206.39
2021-11-06,0.00,0.00,0.00,0.00,0.00,0.00,753.67
2021-11-07,0.00,0.00,0.00,0.00,0.00,0.00,556.28
2021-11-08,0.00,0.00,0.00,0.00,0.00,0.00,739.61
2021-11-09,0.00,0.00,0.00,0.00,0.00,0.00,435.94
2021-11-10,0.00,0.00,0.00,0.00,0.00,0.00,454.88
2021-11-11,0.00,0.00,0.00,0.00,0.00,0.00,286.87
2021-11-12,0.00,0.00,0.00,0.00,0.00,0.00,414.24
2021-11-13,0.00,0.00,0.00,0.00,0.00,0.00,325.30
2021-11-14,0.00,0.00,0.00,0.00,0.00,0.00,643.80
2021-11-15,0.00,0.00,0.00,0.00,0.00,0.00,531.87
2021-11-16,0.00,0.00,0.00,0.00,0.00,0.00,516.34
2021-11-17,0.00,0.00,0.00,0.00,0.00,0.00,507.32
2021-11-18,0.00,0.00,0.00,0.00,0.00,0.00,461.80
2021-11-19,0.00,0.00,0.00,0.00,0.00,0.00,34.96
2021-11-20,0.00,0.00,0.00,0.00,0.00,0.00,195.87
2021-11-21,0.00,0.00,0.00,0.00,0.00,0.00,204.23
2021-11-22,0.00,0.00,0.00,0.00,0.00,0.00,326.65
2021-11-23,0.00,0.00,0.00,0.00,0.00,0.00,678.64
2021-11-24,0.00,0.00,0.00,0.00,0.00,0.00,216.87
2021-11-25,0.00,0.00,0.00,0.00,0.00,0.00,195.90
2021-11-26,0.00,0.00,0.00,0.00,0.00,0.00,129.43
2021-11-27,0.00,0.00,0.00,0.00,0.00,0.00,516.40
2021-11-28,0.00,0.00,0.00,0.00,0.00,0.00,526.21
2021-11-29,0.00,0.00,0.00,0.00,0.00,0.00,342.85
2021-11-30,0.00,0.00,0.00,0.00,0.00,0.00,334.47
2021-12-01,0.00,0.00,0.00,0.00,0.00,0.00,242.74
2021-12-02,0.00,0.00,0.00,0.00,0.00,0.00,258.85
2021-12-03,0.00,0.00,0.00,0.00,0.00,0.00,342.87
2021-12-04,0.00,0.00,0.00,0.00,0.00,0.00,501.74
2021-12-05,0.00,0.00,0.00,0.00,0.00,0.00,575.20
2021-12-06,0.00,0.00,0.00,0.00,0.00,0.00,165.78
2021-12-07,0.00,0.00,0.00,0.00,0.00,0.00,439.31
2021-12-08,0.00,0.00,0.00,0.00,0.00,0.00,672.45
2021-12-09,0.00,0.00,0.00,0.00,0.00,0.00,160.93
2021-12-10,0.00,0.00,0.00,0.00,0.00,0.00,254.65
2021-12-11,0.00,0.00,0.00,0.00,0.00,0.00,419.86
2021-12-12,0.00,0.00,0.00,0.00,0.00,0.00,239.30
2021-12-13,0.00,0.00,0.00,0.00,0.00,0.00,498.25
2021-12-14,0.00,0.00,0.00,0.00,0.00,0.00,137.73
2021-12-15,0.00,0.00,0.00,0.00,0.00,0.00,252.51
2021-12-16,0.00,0.00,0.00,0.00,0.00,0.00,200.81
2021-12-17,0.00,0.00,0.00,0.00,0.00,0.00,165.80
2021-12-18,0.00,0.00,0.00,0.00,0.00,0.00,320.44
2021-12-19,0.00,0.00,0.00,0.00,0.00,0.00,130.82
2021-12-20,0.00,0.00,0.00,0.00,0.00,0.00,314.14
2021-12-21,0.00,0.00,0.00,0.00,0.00,0.00,206.40
2021-12-22,0.00,0.00,0.00,0.00,0.00,0.00,443.59
2021-12-23,0.00,0.00,0.00,0.00,0.00,0.00,185.35
2021-12-24,0.00,0.00,0.00,0.00,0.00,0.00,436.61
2021-12-25,0.00,0.00,0.00,0.00,0.00,0.00,402.33
2021-12-26,0.00,0.00,0.00,0.00,0.00,0.00,349.87
2021-12-27,0.00,0.00,0.00,0.00,0.00,0.00,431.68
2021-12-28,0.00,0.00,0.00,0.00,0.00,0.00,255.32
2021-12-29,0.00,0.00,0.00,0.00,0.00,0.00,90.91
2021-12-30,0.00,0.00,0.00,0.00,0.00,0.00,346.34
2021-12-31,0.00,0.00,0.00,0.00,0.00,0.00,302.24
2022-01-01,0.00,0.00,0.00,0.00,0.00,0.00,375.66
2022-01-02,0.00,0.00,0.00,0.00,0.00,0.00,361.73
2022-01-03,0.00,0.00,0.00,0.00,0.00,0.00,262.38
2022-01-04,0.00,0.00,0.00,0.00,0.00,0.00,414.90
2022-01-05,0.00,0.00,0.00,0.00,0.00,0.00,412.84
2022-01-06,0.00,0.00,0.00,0.00,0.00,0.00,414.90
2022-01-07,0.00,0.00,0.00,0.00,0.00,0.00,412.84
2022-01-08,0.00,0.00,0.00,0.00,0.00,0.00,367.30
2022-01-09,0.00,0.00,0.00,0.00,0.00,0.00,181.90
2022-01-10,0.00,0.00,0.00,0.00,0.00,0.00,277.03
2022-01-11,0.00,0.00,0.00,0.00,0.00,0.00,379.79
2022-01-12,0.00,0.00,0.00,0.00,0.00,0.00,303.66
2022-01-13,0.00,0.00,0.00,0.00,0.00,0.00,214.80
2022-01-14,0.00,0.00,0.00,0.00,0.00,0.00,199.99
2022-01-15,0.00,0.00,0.00,0.00,0.00,0.00,304.37
2022-01-16,0.00,0.00,0.00,0.00,0.00,0.00,158.81
2022-01-17,0.00,0.00,0.00,0.00,0.00,0.00,223.84
2022-01-18,0.00,0.00,0.00,0.00,0.00,0.00,302.18
2022-01-19,0.00,0.00,0.00,0.00,0.00,0.00,445.71
2022-01-20,0.00,0.00,0.00,0.00,0.00,0.00,244.83
2022-01-21,0.00,0.00,0.00,0.00,0.00,0.00,83.92
2022-01-22,0.00,0.00,0.00,0.00,0.00,0.00,237.88
2022-01-23,0.00,0.00,0.00,0.00,0.00,0.00,881.76
2022-01-24,0.00,0.00,0.00,0.00,0.00,0.00,188.87
2022-01-25,0.00,0.00,0.00,0.00,0.00,0.00,315.49
2022-01-26,0.00,0.00,0.00,0.00,0.00,0.00,349.77
2022-01-27,0.00,0.00,0.00,0.00,0.00,0.00,136.40
2022-01-28,0.00,0.00,0.00,0.00,0.00,0.00,150.39
2022-01-29,0.00,0.00,0.00,0.00,0.00,0.00,199.38
2022-01-30,0.00,0.00,0.00,0.00,0.00,0.00,249.69
2022-01-31,0.00,0.00,0.00,0.00,0.00,0.00,141.26
2022-02-01,0.00,0.00,0.00,0.00,0.00,0.00,130.06
2022-02-02,0.00,0.00,0.00,0.00,0.00,0.00,269.36
2022-02-03,0.00,0.00,0.00,0.00,0.00,0.00,293.12
2022-02-04,0.00,0.00,0.00,0.00,0.00,0.00,337.20
2022-02-05,0.00,0.00,0.00,0.00,0.00,0.00,198.71
2022-02-06,0.00,0.00,0.00,0.00,0.00,0.00,178.37
2022-02-07,0.00,0.00,0.00,0.00,0.00,0.00,197.27
2022-02-08,0.00,0.00,0.00,0.00,0.00,0.00,248.35
2022-02-09,0.00,0.00,0.00,0.00,0.00,0.00,136.37
2022-02-10,0.00,0.00,0.00,0.00,0.00,0.00,101.40
2022-02-11,0.00,0.00,0.00,0.00,0.00,0.00,118.88
2022-02-12,0.00,0.00,0.00,0.00,0.00,0.00,65.72
2022-02-13,0.00,0.00,0.00,0.00,0.00,0.00,324.58
2022-02-14,0.00,0.00,0.00,0.00,0.00,0.00,468.08
2022-02-15,0.00,0.00,0.00,0.00,0.00,0.00,190.18
2022-02-16,0.00,0.00,0.00,0.00,0.00,0.00,302.23
2022-02-17,0.00,0.00,0.00,0.00,0.00,0.00,87.41
2022-02-18,0.00,0.00,0.00,0.00,0.00,0.00,191.67
2022-02-19,0.00,0.00,0.00,0.00,0.00,0.00,216.88
2022-02-20,0.00,0.00,0.00,0.00,0.00,0.00,185.38
2022-02-21,0.00,0.00,0.00,0.00,0.00,0.00,212.68
2022-02-22,0.00,0.00,0.00,0.00,0.00,0.00,422.50
2022-02-23,0.00,0.00,0.00,0.00,0.00,0.00,108.41
2022-02-24,0.00,0.00,0.00,0.00,0.00,0.00,99.32
2022-02-25,0.00,0.00,0.00,0.00,0.00,0.00,284.72
2022-02-26,0.00,0.00,0.00,0.00,0.00,0.00,286.81
2022-02-27,0.00,0.00,0.00,0.00,0.00,0.00,286.88
2022-02-28,0.00,0.00,0.00,0.00,0.00,0.00,293.84
2022-03-01,0.00,0.00,0.00,0.00,0.00,0.00,355.44
2022-03-02,0.00,0.00,0.00,0.00,0.00,0.00,199.34
2022-03-03,0.00,0.00,0.00,0.00,0.00,0.00,269.38
2022-03-04,0.00,0.00,0.00,0.00,0.00,0.00,517.84
2022-03-05,0.00,0.00,0.00,0.00,0.00,0.00,150.39
2022-03-06,0.00,0.00,0.00,0.00,0.00,0.00,438.68
2022-03-07,0.00,0.00,0.00,0.00,0.00,0.00,291.00
2022-03-08,0.00,0.00,0.00,0.00,0.00,0.00,720.72
2022-03-09,0.00,0.00,0.00,0.00,0.00,0.00,178.39
2022-03-10,0.00,0.00,0.00,0.00,0.00,0.00,94.44
2022-03-11,0.00,0.00,0.00,0.00,0.00,0.00,225.32
2022-03-12,0.00,0.00,0.00,0.00,0.00,0.00,253.25
2022-03-13,0.00,0.00,0.00,0.00,0.00,0.00,472.30
2022-03-14,0.00,0.00,0.00,0.00,0.00,0.00,248.38
2022-03-15,0.00,0.00,0.00,0.00,0.00,0.00,537.32
2022-03-16,0.00,0.00,0.00,0.00,0.00,0.00,185.41
2022-03-17,0.00,0.00,0.00,0.00,0.00,0.00,266.55
2022-03-18,0.00,0.00,0.00,0.00,0.00,0.00,489.86
2022-03-19,0.00,0.00,0.00,0.00,0.00,0.00,204.32
2022-03-20,0.00,0.00,0.00,0.00,0.00,0.00,174.22
2022-03-21,0.00,0.00,0.00,0.00,0.00,0.00,142.74
2022-03-22,0.00,0.00,0.00,0.00,0.00,0.00,642.34
2022-03-23,0.00,0.00,0.00,0.00,0.00,0.00,186.78
2022-03-24,0.00,0.00,0.00,0.00,0.00,0.00,212.72
2022-03-25,0.00,0.00,0.00,0.00,0.00,0.00,363.81
2022-03-26,0.00,0.00,0.00,0.00,0.00,0.00,171.43
2022-03-27,0.00,0.00,0.00,0.00,0.00,0.00,205.70
2022-03-28,0.00,0.00,0.00,0.00,0.00,0.00,615.74
2022-03-29,0.00,0.00,0.00,0.00,0.00,0.00,356.74
2022-03-30,0.00,0.00,0.00,0.00,0.00,0.00,185.41
2022-03-31,0.00,0.00,0.00,0.00,0.00,0.00,221.77
2022-04-01,0.00,0.00,0.00,0.00,0.00,0.00,174.16
2022-04-02,0.00,0.00,0.00,0.00,0.00,0.00,256.75
2022-04-03,0.00,0.00,0.00,0.00,0.00,0.00,384.84
2022-04-04,0.00,0.00,0.00,0.00,0.00,0.00,466.73
2022-04-05,0.00,0.00,0.00,0.00,0.00,0.00,256.05
2022-04-06,0.00,0.00,0.00,0.00,0.00,0.00,83.92
2022-04-07,0.00,0.00,0.00,0.00,0.00,0.00,165.80
2022-04-08,0.00,0.00,0.00,0.00,0.00,0.00,358.98
2022-04-09,0.00,0.00,0.00,0.00,0.00,0.00,136.40
2022-04-10,0.00,0.00,0.00,0.00,0.00,0.00,160.90
2022-04-11,0.00,0.00,0.00,0.00,0.00,0.00,227.44
2022-04-12,0.00,0.00,0.00,0.00,0.00,0.00,145.47
2022-04-13,0.00,0.00,0.00,0.00,0.00,0.00,200.78
2022-04-14,0.00,0.00,0.00,0.00,0.00,0.00,200.78
2022-04-15,0.00,0.00,0.00,0.00,0.00,0.00,472.39
2022-04-16,0.00,0.00,0.00,0.00,0.00,0.00,227.41
2022-04-17,0.00,0.00,0.00,0.00,0.00,0.00,241.35
2022-04-18,0.00,0.00,0.00,0.00,0.00,0.00,213.42
2022-04-19,0.00,0.00,0.00,0.00,0.00,0.00,176.24
2022-04-20,0.00,0.00,0.00,0.00,0.00,0.00,295.25
2022-04-21,0.00,0.00,0.00,0.00,0.00,0.00,256.79
2022-04-22,0.00,0.00,0.00,0.00,0.00,0.00,557.73
2022-04-23,0.00,0.00,0.00,0.00,0.00,0.00,391.80
2022-04-24,0.00,0.00,0.00,0.00,0.00,0.00,382.69
2022-04-25,0.00,0.00,0.00,0.00,0.00,0.00,431.76
2022-04-26,0.00,0.00,0.00,0.00,0.00,0.00,159.40
2022-04-27,0.00,0.00,0.00,0.00,0.00,0.00,269.32
2022-04-28,0.00,0.00,0.00,0.00,0.00,0.00,304.39
2022-04-29,0.00,0.00,0.00,0.00,0.00,0.00,136.42
2022-04-30,0.00,0.00,0.00,0.00,0.00,0.00,134.26
2022-05-01,0.00,0.00,0.00,0.00,0.00,0.00,969.25
2022-05-02,0.00,0.00,0.00,0.00,0.00,0.00,780.28
2022-05-03,0.00,0.00,0.00,0.00,0.00,0.00,575.18
2022-05-04,0.00,0.00,0.00,0.00,0.00,0.00,346.35
2022-05-05,0.00,0.00,0.00,0.00,0.00,0.00,165.77
2022-05-06,0.00,0.00,0.00,0.00,0.00,0.00,228.75
2022-05-07,0.00,0.00,0.00,0.00,0.00,0.00,332.37
2022-05-08,0.00,0.00,0.00,0.00,0.00,0.00,94.44
2022-05-09,0.00,0.00,0.00,0.00,0.00,0.00,163.62
2022-05-10,0.00,0.00,0.00,0.00,0.00,0.00,153.85
2022-05-11,0.00,0.00,0.00,0.00,0.00,0.00,204.25
2022-05-12,0.00,0.00,0.00,0.00,0.00,0.00,300.13
2022-05-13,0.00,0.00,0.00,0.00,0.00,0.00,458.31
2022-05-14,0.00,0.00,0.00,0.00,0.00,0.00,580.75
2022-05-15,0.00,0.00,0.00,0.00,0.00,0.00,127.25
2022-05-16,0.00,0.00,0.00,0.00,0.00,0.00,374.35
2022-05-17,0.00,0.00,0.00,0.00,0.00,0.00,358.86
2022-05-18,0.00,0.00,0.00,0.00,0.00,0.00,153.84
2022-05-19,0.00,0.00,0.00,0.00,0.00,0.00,157.43
2022-05-20,0.00,0.00,0.00,0.00,0.00,0.00,122.42
2022-05-21,0.00,0.00,0.00,0.00,0.00,0.00,293.89
2022-05-22,0.00,0.00,0.00,0.00,0.00,0.00,265.86
2022-05-23,0.00,0.00,0.00,0.00,0.00,0.00,258.89
2022-05-24,0.00,0.00,0.00,0.00,0.00,0.00,274.92
2022-05-25,0.00,0.00,0.00,0.00,0.00,0.00,83.18
2022-05-26,0.00,0.00,0.00,0.00,0.00,0.00,405.90
2022-05-27,0.00,0.00,0.00,0.00,0.00,0.00,344.20
2022-05-28,0.00,0.00,0.00,0.00,0.00,0.00,104.97
2022-05-29,0.00,0.00,0.00,0.00,0.00,0.00,228.80
2022-05-30,0.00,0.00,0.00,0.00,0.00,0.00,466.74
2022-05-31,0.00,0.00,0.00,0.00,0.00,0.00,530.38
2022-06-01,0.00,0.00,0.00,0.00,0.00,0.00,507.21
2022-06-02,0.00,0.00,0.00,0.00,0.00,0.00,487.68
2022-06-03,0.00,0.00,0.00,0.00,0.00,0.00,316.21
2022-06-04,0.00,0.00,0.00,0.00,0.00,0.00,273.53
2022-06-05,0.00,0.00,0.00,0.00,0.00,0.00,1011.10
2022-06-06,0.00,0.00,0.00,0.00,0.00,0.00,529.66
2022-06-07,0.00,0.00,0.00,0.00,0.00,0.00,403.02
2022-06-08,0.00,0.00,0.00,0.00,0.00,0.00,200.77
2022-06-09,0.00,0.00,0.00,0.00,0.00,0.00,179.82
2022-06-10,0.00,0.00,0.00,0.00,0.00,0.00,333.75
2022-06-11,0.00,0.00,0.00,0.00,0.00,0.00,139.87
2022-06-12,0.00,0.00,0.00,0.00,0.00,0.00,288.23
2022-06-13,0.00,0.00,0.00,0.00,0.00,0.00,309.23
2022-06-14,0.00,0.00,0.00,0.00,0.00,0.00,139.87
2022-06-15,0.00,0.00,0.00,0.00,0.00,0.00,288.23
2022-06-16,0.00,0.00,0.00,0.00,0.00,0.00,339.33
2022-06-17,0.00,0.00,0.00,0.00,0.00,0.00,199.40
2022-06-18,0.00,0.00,0.00,0.00,0.00,0.00,123.84
2022-06-19,0.00,0.00,0.00,0.00,0.00,0.00,354.75
2022-06-20,0.00,0.00,0.00,0.00,0.00,0.00,330.23
2022-06-21,0.00,0.00,0.00,0.00,0.00,0.00,198.67
2022-06-22,0.00,0.00,0.00,0.00,0.00,0.00,356.81
2022-06-23,0.00,0.00,0.00,0.00,0.00,0.00,302.22
2022-06-24,0.00,0.00,0.00,0.00,0.00,0.00,354.76
2022-06-25,0.00,0.00,0.00,0.00,0.00,0.00,332.36
2022-06-26,0.00,0.00,0.00,0.00,0.00,0.00,123.81
2022-06-27,0.00,0.00,0.00,0.00,0.00,0.00,422.56
2022-06-28,0.00,0.00,0.00,0.00,0.00,0.00,274.19
2022-06-29,0.00,0.00,0.00,0.00,0.00,0.00,237.20
2022-06-30,0.00,0.00,0.00,0.00,0.00,0.00,219.64
2022-07-01,0.00,0.00,0.00,0.00,0.00,0.00,297.37
2022-07-02,0.00,0.00,0.00,0.00,0.00,0.00,136.44
2022-07-03,0.00,0.00,0.00,0.00,0.00,0.00,81.82
2022-07-04,0.00,0.00,0.00,0.00,0.00,0.00,312.11
2022-07-05,0.00,0.00,0.00,0.00,0.00,0.00,136.37
2022-07-06,0.00,0.00,0.00,0.00,0.00,0.00,412.85
2022-07-07,0.00,0.00,0.00,0.00,0.00,0.00,216.90
2022-07-08,0.00,0.00,0.00,0.00,0.00,0.00,49.62
2022-07-09,0.00,0.00,0.00,0.00,0.00,0.00,52.44
2022-07-10,0.00,0.00,0.00,0.00,0.00,0.00,125.92
2022-07-11,0.00,0.00,0.00,0.00,0.00,0.00,151.77
2022-07-12,0.00,0.00,0.00,0.00,0.00,0.00,167.14
2022-07-13,0.00,0.00,0.00,0.00,0.00,0.00,181.88
2022-07-14,0.00,0.00,0.00,0.00,0.00,0.00,377.18
2022-07-15,0.00,0.00,0.00,0.00,0.00,0.00,223.92
2022-07-16,0.00,0.00,0.00,0.00,0.00,0.00,139.87
2022-07-17,0.00,0.00,0.00,0.00,0.00,0.00,129.42
2022-07-18,0.00,0.00,0.00,0.00,0.00,0.00,125.94
2022-07-19,0.00,0.00,0.00,0.00,0.00,0.00,100.04
2022-07-20,0.00,0.00,0.00,0.00,0.00,0.00,144.80
2022-07-21,0.00,0.00,0.00,0.00,0.00,0.00,298.78
2022-07-22,0.00,0.00,0.00,0.00,0.00,0.00,192.41
2022-07-23,0.00,0.00,0.00,0.00,0.00,0.00,197.30
2022-07-24,0.00,0.00,0.00,0.00,0.00,0.00,438.77
2022-07-25,0.00,0.00,0.00,0.00,0.00,0.00,118.93
2022-07-26,0.00,0.00,0.00,0.00,0.00,0.00,113.26
2022-07-27,0.00,0.00,0.00,0.00,0.00,0.00,158.80
2022-07-28,0.00,0.00,0.00,0.00,0.00,0.00,223.95
2022-07-29,0.00,0.00,0.00,0.00,0.00,0.00,290.42
2022-07-30,0.00,0.00,0.00,0.00,0.00,0.00,199.39
2022-07-31,0.00,0.00,0.00,0.00,0.00,0.00,101.44
2022-08-01,0.00,0.00,0.00,0.00,0.00,0.00,695.53
2022-08-02,0.00,0.00,0.00,0.00,0.00,0.00,174.85
2022-08-03,0.00,0.00,0.00,0.00,0.00,0.00,633.31
2022-08-04,0.00,0.00,0.00,0.00,0.00,0.00,370.14
2022-08-05,0.00,0.00,0.00,0.00,0.00,0.00,384.83
2022-08-06,0.00,0.00,0.00,0.00,0.00,0.00,94.40
2022-08-07,0.00,0.00,0.00,0.00,0.00,0.00,493.35
2022-08-08,0.00,0.00,0.00,0.00,0.00,0.00,127.30
2022-08-09,0.00,0.00,0.00,0.00,0.00,0.00,183.27
2022-08-10,0.00,0.00,0.00,0.00,0.00,0.00,291.82
2022-08-11,0.00,0.00,0.00,0.00,0.00,0.00,143.47
2022-08-12,0.00,0.00,0.00,0.00,0.00,0.00,297.39
2022-08-13,0.00,0.00,0.00,0.00,0.00,0.00,200.79
2022-08-14,0.00,0.00,0.00,0.00,0.00,0.00,456.19
2022-08-15,0.00,0.00,0.00,0.00,0.00,0.00,396.75
2022-08-16,0.00,0.00,0.00,0.00,0.00,0.00,237.85
2022-08-17,0.00,0.00,0.00,0.00,0.00,0.00,192.36
2022-08-18,0.00,0.00,0.00,0.00,0.00,0.00,178.39
2022-08-19,0.00,0.00,0.00,0.00,0.00,0.00,405.78
2022-08-20,0.00,0.00,0.00,0.00,0.00,0.00,358.25
2022-08-21,0.00,0.00,0.00,0.00,0.00,0.00,248.41
2022-08-22,0.00,0.00,0.00,0.00,0.00,0.00,307.87
2022-08-23,0.00,0.00,0.00,0.00,0.00,0.00,430.23
2022-08-24,0.00,0.00,0.00,0.00,0.00,0.00,470.21
2022-08-25,0.00,0.00,0.00,0.00,0.00,0.00,94.47
2022-08-26,0.00,0.00,0.00,0.00,0.00,0.00,167.96
2022-08-27,0.00,0.00,0.00,0.00,0.00,0.00,258.89
2022-08-28,0.00,0.00,0.00,0.00,0.00,0.00,101.42
2022-08-29,0.00,0.00,0.00,0.00,0.00,0.00,147.59
2022-08-30,0.00,0.00,0.00,0.00,0.00,0.00,300.80
2022-08-31,0.00,0.00,0.00,0.00,0.00,0.00,227.40
2022-09-01,0.00,0.00,0.00,0.00,0.00,0.00,185.39
2022-09-02,0.00,0.00,0.00,0.00,0.00,0.00,263.77
2022-09-03,0.00,0.00,0.00,0.00,0.00,0.00,69.20
2022-09-04,0.00,0.00,0.00,0.00,0.00,0.00,135.71
2022-09-05,0.00,0.00,0.00,0.00,0.00,0.00,104.94
2022-09-06,0.00,0.00,0.00,0.00,0.00,0.00,221.75
2022-09-07,0.00,0.00,0.00,0.00,0.00,0.00,83.92
2022-09-08,0.00,0.00,0.00,0.00,0.00,0.00,594.83
2022-09-09,0.00,0.00,0.00,0.00,0.00,0.00,129.39
2022-09-10,0.00,0.00,0.00,0.00,0.00,0.00,251.90
2022-09-11,0.00,0.00,0.00,0.00,0.00,0.00,392.50
2022-09-12,0.00,0.00,0.00,0.00,0.00,0.00,119.59
2022-09-13,0.00,0.00,0.00,0.00,0.00,0.00,281.93
2022-09-14,0.00,0.00,0.00,0.00,0.00,0.00,575.22
2022-09-15,0.00,0.00,0.00,0.00,0.00,0.00,205.71
2022-09-16,0.00,0.00,0.00,0.00,0.00,0.00,94.43
2022-09-17,0.00,0.00,0.00,0.00,0.00,0.00,118.90
2022-09-18,0.00,0.00,0.00,0.00,0.00,0.00,122.42
2022-09-19,0.00,0.00,0.00,0.00,0.00,0.00,90.97
2022-09-20,0.00,0.00,0.00,0.00,0.00,0.00,230.85
2022-09-21,0.00,0.00,0.00,0.00,0.00,0.00,139.92
2022-09-22,0.00,0.00,0.00,0.00,0.00,0.00,311.42
2022-09-23,0.00,0.00,0.00,0.00,0.00,0.00,128.65
2022-09-24,0.00,0.00,0.00,0.00,0.00,0.00,122.44
2022-09-25,0.00,0.00,0.00,0.00,0.00,0.00,20.97
2022-09-26,0.00,0.00,0.00,0.00,0.00,0.00,27.27
2022-09-27,0.00,0.00,0.00,0.00,0.00,0.00,223.14
2022-09-28,0.00,0.00,0.00,0.00,0.00,0.00,186.79
2022-09-29,0.00,0.00,0.00,0.00,0.00,0.00,227.43
2022-09-30,0.00,0.00,0.00,0.00,0.00,0.00,332.40
2022-10-01,0.00,0.00,0.00,0.00,0.00,0.00,405.88
2022-10-02,0.00,0.00,0.00,0.00,0.00,0.00,844.65
2022-10-03,0.00,0.00,0.00,0.00,0.00,0.00,244.90
2022-10-04,0.00,0.00,0.00,0.00,0.00,0.00,330.86
2022-10-05,0.00,0.00,0.00,0.00,0.00,0.00,139.92
2022-10-06,0.00,0.00,0.00,0.00,0.00,0.00,20.96
2022-10-07,0.00,0.00,0.00,0.00,0.00,0.00,179.77
2022-10-08,0.00,0.00,0.00,0.00,0.00,0.00,129.41
2022-10-09,0.00,0.00,0.00,0.00,0.00,0.00,150.40
2022-10-10,0.00,0.00,0.00,0.00,0.00,0.00,108.42
2022-10-11,0.00,0.00,0.00,0.00,0.00,0.00,186.73
2022-10-12,0.00,0.00,0.00,0.00,0.00,0.00,324.63
2022-10-13,0.00,0.00,0.00,0.00,0.00,0.00,277.80
2022-10-14,0.00,0.00,0.00,0.00,0.00,0.00,56.60
2022-10-15,0.00,0.00,0.00,0.00,0.00,0.00,167.90
2022-10-16,0.00,0.00,0.00,0.00,0.00,0.00,27.97
2022-10-17,0.00,0.00,0.00,0.00,0.00,0.00,52.48
2022-10-18,0.00,0.00,0.00,0.00,0.00,0.00,187.45
2022-10-19,0.00,0.00,0.00,0.00,0.00,0.00,38.49
2022-10-20,0.00,0.00,0.00,0.00,0.00,0.00,178.44
2022-10-21,0.00,0.00,0.00,0.00,0.00,0.00,157.45
2022-10-22,0.00,0.00,0.00,0.00,0.00,0.00,66.44
2022-10-23,0.00,0.00,0.00,0.00,0.00,0.00,136.39
2022-10-24,0.00,0.00,0.00,0.00,0.00,0.00,97.93
2022-10-25,0.00,0.00,0.00,0.00,0.00,0.00,139.84
2022-10-26,0.00,0.00,0.00,0.00,0.00,0.00,130.84
2022-10-27,0.00,0.00,0.00,0.00,0.00,0.00,48.95
2022-10-28,0.00,0.00,0.00,0.00,0.00,0.00,38.45
2022-10-29,0.00,0.00,0.00,0.00,0.00,0.00,190.31
2022-10-30,0.00,0.00,0.00,0.00,0.00,0.00,76.21
2022-10-31,0.00,0.00,0.00,0.00,0.00,0.00,81.86
2022-11-01,0.00,0.00,0.00,0.00,0.00,0.00,186.75
2022-11-02,0.00,0.00,0.00,0.00,0.00,0.00,45.43
2022-11-03,0.00,0.00,0.00,0.00,0.00,0.00,69.95
2022-11-04,0.00,0.00,0.00,0.00,0.00,0.00,155.27
2022-11-05,0.00,0.00,0.00,0.00,0.00,0.00,85.98
2022-11-06,0.00,0.00,0.00,0.00,0.00,0.00,104.92
2022-11-07,0.00,0.00,0.00,0.00,0.00,0.00,503.80
2022-11-08,0.00,0.00,0.00,0.00,0.00,0.00,158.78
2022-11-09,0.00,0.00,0.00,0.00,0.00,0.00,318.40
2022-11-10,0.00,0.00,0.00,0.00,0.00,0.00,139.96
2022-11-11,0.00,0.00,0.00,0.00,0.00,0.00,190.31
2022-11-12,0.00,0.00,0.00,0.00,0.00,0.00,115.44
2022-11-13,0.00,0.00,0.00,0.00,0.00,0.00,115.44
2022-11-14,0.00,0.00,0.00,0.00,0.00,0.00,113.32
2022-11-15,0.00,0.00,0.00,0.00,0.00,0.00,149.04
2022-11-16,0.00,0.00,0.00,0.00,0.00,0.00,79.70
2022-11-17,0.00,0.00,0.00,0.00,0.00,0.00,80.44
2022-11-18,0.00,0.00,0.00,0.00,0.00,0.00,104.94
2022-11-19,0.00,0.00,0.00,0.00,0.00,0.00,13.99
2022-11-20,0.00,0.00,0.00,0.00,0.00,0.00,99.37
2022-11-21,0.00,0.00,0.00,0.00,0.00,0.00,115.46
2022-11-22,0.00,0.00,0.00,0.00,0.00,0.00,144.78
2022-11-23,0.00,0.00,0.00,0.00,0.00,0.00,134.32
2022-11-24,0.00,0.00,0.00,0.00,0.00,0.00,57.33
2022-11-25,0.00,0.00,0.00,0.00,0.00,0.00,59.44
2022-11-26,0.00,0.00,0.00,0.00,0.00,0.00,11.88
2022-11-27,0.00,0.00,0.00,0.00,0.00,0.00,216.93
2022-11-28,0.00,0.00,0.00,0.00,0.00,0.00,209.95
2022-11-29,0.00,0.00,0.00,0.00,0.00,0.00,141.31
2022-11-30,0.00,0.00,0.00,0.00,0.00,0.00,132.94
2022-12-01,0.00,0.00,0.00,0.00,0.00,0.00,353.42
2022-12-02,0.00,0.00,0.00,0.00,0.00,0.00,120.32
2022-12-03,0.00,0.00,0.00,0.00,0.00,0.00,104.20
2022-12-04,0.00,0.00,0.00,0.00,0.00,0.00,179.10
2022-12-05,0.00,0.00,0.00,0.00,0.00,0.00,88.82
2022-12-06,0.00,0.00,0.00,0.00,0.00,0.00,111.22
2022-12-07,0.00,0.00,0.00,0.00,0.00,0.00,111.94
2022-12-08,0.00,0.00,0.00,0.00,0.00,0.00,66.46
2022-12-09,0.00,0.00,0.00,0.00,0.00,0.00,97.92
2022-12-10,0.00,0.00,0.00,0.00,0.00,0.00,150.44
2022-12-11,0.00,0.00,0.00,0.00,0.00,0.00,94.42
2022-12-12,0.00,0.00,0.00,0.00,0.00,0.00,13.97
2022-12-13,0.00,0.00,0.00,0.00,0.00,0.00,46.77
2022-12-14,0.00,0.00,0.00,0.00,0.00,0.00,297.44
2022-12-15,0.00,0.00,0.00,0.00,0.00,0.00,246.33
2022-12-16,0.00,0.00,0.00,0.00,0.00,0.00,52.48
2022-12-17,0.00,0.00,0.00,0.00,0.00,0.00,71.34
2022-12-18,0.00,0.00,0.00,0.00,0.00,0.00,269.43
2022-12-19,0.00,0.00,0.00,0.00,0.00,0.00,262.41
2022-12-20,0.00,0.00,0.00,0.00,0.00,0.00,164.40
2022-12-21,0.00,0.00,0.00,0.00,0.00,0.00,64.34
2022-12-22,0.00,0.00,0.00,0.00,0.00,0.00,101.45
2022-12-23,0.00,0.00,0.00,0.00,0.00,0.00,24.47
2022-12-24,0.00,0.00,0.00,0.00,0.00,0.00,34.98
2022-12-25,0.00,0.00,0.00,0.00,0.00,0.00,13.98
2022-12-26,0.00,0.00,0.00,0.00,0.00,0.00,31.47
2022-12-27,0.00,0.00,0.00,0.00,0.00,0.00,254.70
2022-12-28,0.00,0.00,0.00,0.00,0.00,0.00,164.44
2022-12-29,0.00,0.00,0.00,0.00,0.00,0.00,45.43
2022-12-30,0.00,0.00,0.00,0.00,0.00,0.00,414.27
2022-12-31,0.00,0.00,0.00,0.00,0.00,0.00,181.92
2023-01-01,0.00,0.00,0.00,0.00,0.00,0.00,76.91
2023-01-02,0.00,0.00,0.00,0.00,0.00,0.00,76.97
2023-01-03,0.00,0.00,0.00,0.00,0.00,0.00,100.73
2023-01-04,0.00,0.00,0.00,0.00,0.00,0.00,115.40
2023-01-05,0.00,0.00,0.00,0.00,0.00,0.00,108.44
2023-01-06,0.00,0.00,0.00,0.00,0.00,0.00,76.94
2023-01-07,0.00,0.00,0.00,0.00,0.00,0.00,386.29
2023-01-08,0.00,0.00,0.00,0.00,0.00,0.00,195.91
2023-01-09,0.00,0.00,0.00,0.00,0.00,0.00,370.17
2023-01-10,0.00,0.00,0.00,0.00,0.00,0.00,153.87
2023-01-11,0.00,0.00,0.00,0.00,0.00,0.00,174.95
2023-01-12,0.00,0.00,0.00,0.00,0.00,0.00,88.14
2023-01-13,0.00,0.00,0.00,0.00,0.00,0.00,85.34
2023-01-14,0.00,0.00,0.00,0.00,0.00,0.00,27.98
2023-01-15,0.00,0.00,0.00,0.00,0.00,0.00,74.82
2023-01-16,0.00,0.00,0.00,0.00,0.00,0.00,48.97
2023-01-17,0.00,0.00,0.00,0.00,0.00,0.00,25.87
2023-01-18,0.00,0.00,0.00,0.00,0.00,0.00,108.43
2023-01-19,0.00,0.00,0.00,0.00,0.00,0.00,58.67
2023-01-20,0.00,0.00,0.00,0.00,0.00,0.00,101.42
2023-01-21,0.00,0.00,0.00,0.00,0.00,0.00,162.35
2023-01-22,0.00,0.00,0.00,0.00,0.00,0.00,66.45
2023-01-23,0.00,0.00,0.00,0.00,0.00,0.00,130.84
2023-01-24,0.00,0.00,0.00,0.00,0.00,0.00,212.67
2023-01-25,0.00,0.00,0.00,0.00,0.00,0.00,130.83
2023-01-26,0.00,0.00,0.00,0.00,0.00,0.00,62.96
2023-01-27,0.00,0.00,0.00,0.00,0.00,0.00,157.47
2023-01-28,0.00,0.00,0.00,0.00,0.00,0.00,52.43
2023-01-29,0.00,0.00,0.00,0.00,0.00,0.00,60.83
2023-01-30,0.00,0.00,0.00,0.00,0.00,0.00,46.83
2023-01-31,0.00,0.00,0.00,0.00,0.00,0.00,136.39
2023-02-01,0.00,0.00,0.00,0.00,0.00,0.00,178.42
2023-02-02,0.00,0.00,0.00,0.00,0.00,0.00,25.87
2023-02-03,0.00,0.00,0.00,0.00,0.00,0.00,332.44
2023-02-04,0.00,0.00,0.00,0.00,0.00,0.00,31.47
2023-02-05,0.00,0.00,0.00,0.00,0.00,0.00,122.42
2023-02-06,0.00,0.00,0.00,0.00,0.00,0.00,48.94
2023-02-07,0.00,0.00,0.00,0.00,0.00,0.00,97.13
2023-02-08,0.00,0.00,0.00,0.00,0.00,0.00,83.22
2023-02-09,0.00,0.00,0.00,0.00,0.00,0.00,85.34
2023-02-10,0.00,0.00,0.00,0.00,0.00,0.00,62.94
2023-02-11,0.00,0.00,0.00,0.00,0.00,0.00,130.12
2023-02-12,0.00,0.00,0.00,0.00,0.00,0.00,59.42
2023-02-13,0.00,0.00,0.00,0.00,0.00,0.00,164.42
2023-02-14,0.00,0.00,0.00,0.00,0.00,0.00,128.74
2023-02-15,0.00,0.00,0.00,0.00,0.00,0.00,120.32
2023-02-16,0.00,0.00,0.00,0.00,0.00,0.00,209.96
2023-02-17,0.00,0.00,0.00,0.00,0.00,0.00,39.85
2023-02-18,0.00,0.00,0.00,0.00,0.00,0.00,23.75
2023-02-19,0.00,0.00,0.00,0.00,0.00,0.00,174.89
2023-02-20,0.00,0.00,0.00,0.00,0.00,0.00,53.82
2023-02-21,0.00,0.00,0.00,0.00,0.00,0.00,90.87
2023-02-22,0.00,0.00,0.00,0.00,0.00,0.00,115.47
2023-02-23,0.00,0.00,0.00,0.00,0.00,0.00,237.91
2023-02-24,0.00,0.00,0.00,0.00,0.00,0.00,150.44
2023-02-25,0.00,0.00,0.00,0.00,0.00,0.00,69.23
2023-02-26,0.00,0.00,0.00,0.00,0.00,0.00,122.43
2023-02-27,0.00,0.00,0.00,0.00,0.00,0.00,157.42
2023-02-28,0.00,0.00,0.00,0.00,0.00,0.00,209.19
2023-03-01,0.00,0.00,0.00,0.00,0.00,0.00,332.26
2023-03-02,0.00,0.00,0.00,0.00,0.00,0.00,88.84
2023-03-03,0.00,0.00,0.00,0.00,0.00,0.00,94.44
2023-03-04,0.00,0.00,0.00,0.00,0.00,0.00,43.34
2023-03-05,0.00,0.00,0.00,0.00,0.00,0.00,45.46
2023-03-06,0.00,0.00,0.00,0.00,0.00,0.00,24.47
2023-03-07,0.00,0.00,0.00,0.00,0.00,0.00,216.21
2023-03-08,0.00,0.00,0.00,0.00,0.00,0.00,500.44
2023-03-09,0.00,0.00,0.00,0.00,0.00,0.00,141.33
2023-03-10,0.00,0.00,0.00,0.00,0.00,0.00,178.44
2023-03-11,0.00,0.00,0.00,0.00,0.00,0.00,465.44
2023-03-12,0.00,0.00,0.00,0.00,0.00,0.00,52.45
2023-03-13,0.00,0.00,0.00,0.00,0.00,0.00,83.92
2023-03-14,0.00,0.00,0.00,0.00,0.00,0.00,46.14
2023-03-15,0.00,0.00,0.00,0.00,0.00,0.00,66.44
2023-03-16,0.00,0.00,0.00,0.00,0.00,0.00,34.25
2023-03-17,0.00,0.00,0.00,0.00,0.00,0.00,59.47
2023-03-18,0.00,0.00,0.00,0.00,0.00,0.00,73.49
2023-03-19,0.00,0.00,0.00,0.00,0.00,0.00,125.94
2023-03-20,0.00,0.00,0.00,0.00,0.00,0.00,181.92
2023-03-21,0.00,0.00,0.00,0.00,0.00,0.00,48.19
2023-03-22,0.00,0.00,0.00,0.00,0.00,0.00,83.96
2023-03-23,0.00,0.00,0.00,0.00,0.00,0.00,3.49
2023-03-24,0.00,0.00,0.00,0.00,0.00,0.00,10.48
2023-03-25,0.00,0.00,0.00,0.00,0.00,0.00,62.97
2023-03-26,0.00,0.00,0.00,0.00,0.00,0.00,38.44
2023-03-27,0.00,0.00,0.00,0.00,0.00,0.00,55.97
2023-03-28,0.00,0.00,0.00,0.00,0.00,0.00,366.68
2023-03-29,0.00,0.00,0.00,0.00,0.00,0.00,265.90
2023-03-30,0.00,0.00,0.00,0.00,0.00,0.00,52.47
2023-03-31,0.00,0.00,0.00,0.00,0.00,0.00,34.96
2023-04-01,0.00,0.00,0.00,0.00,0.00,0.00,108.44
2023-04-02,0.00,0.00,0.00,0.00,0.00,0.00,62.95
2023-04-03,0.00,0.00,0.00,0.00,0.00,0.00,118.22
2023-04-04,0.00,0.00,0.00,0.00,0.00,0.00,35.64
2023-04-05,0.00,0.00,0.00,0.00,0.00,0.00,95.84
2023-04-06,0.00,0.00,0.00,0.00,0.00,0.00,32.86
2023-04-07,0.00,0.00,0.00,0.00,0.00,0.00,193.84
2023-04-08,0.00,0.00,0.00,0.00,0.00,0.00,220.45
2023-04-09,0.00,0.00,0.00,0.00,0.00,0.00,45.44
2023-04-10,0.00,0.00,0.00,0.00,0.00,0.00,44.74
2023-04-11,0.00,0.00,0.00,0.00,0.00,0.00,32.84
2023-04-12,0.00,0.00,0.00,0.00,0.00,0.00,8.38
2023-04-13,0.00,0.00,0.00,0.00,0.00,0.00,29.37
2023-04-14,0.00,0.00,0.00,0.00,0.00,0.00,176.34
2023-04-15,0.00,0.00,0.00,0.00,0.00,0.00,13.98
2023-04-16,0.00,0.00,0.00,0.00,0.00,0.00,46.13
2023-04-17,0.00,0.00,0.00,0.00,0.00,0.00,39.88
2023-04-18,0.00,0.00,0.00,0.00,0.00,0.00,99.30
2023-04-19,0.00,0.00,0.00,0.00,0.00,0.00,90.96
2023-04-20,0.00,0.00,0.00,0.00,0.00,0.00,57.37
2023-04-21,0.00,0.00,0.00,0.00,0.00,0.00,211.37
2023-04-22,0.00,0.00,0.00,0.00,0.00,0.00,73.49
2023-04-23,0.00,0.00,0.00,0.00,0.00,0.00,34.97
2023-04-24,0.00,0.00,0.00,0.00,0.00,0.00,153.96
2023-04-25,0.00,0.00,0.00,0.00,0.00,0.00,36.37
2023-04-26,0.00,0.00,0.00,0.00,0.00,0.00,50.37
2023-04-27,0.00,0.00,0.00,0.00,0.00,0.00,22.37
2023-04-28,0.00,0.00,0.00,0.00,0.00,0.00,67.14
2023-04-29,0.00,0.00,0.00,0.00,0.00,0.00,6.99
2023-04-30,0.00,0.00,0.00,0.00,0.00,0.00,93.70
2023-05-01,0.00,0.00,0.00,0.00,0.00,0.00,139.95
2023-05-02,0.00,0.00,0.00,0.00,0.00,0.00,111.13
2023-05-03,0.00,0.00,0.00,0.00,0.00,0.00,39.85
