date,volume_na,volume_sa,volume_eu,volume_af,volume_as,volume_au,volume_ww
2018-12-30,0.00,0.00,0.00,0.00,0.00,0.00,2093.05
2018-12-31,0.00,0.00,0.00,0.00,0.00,0.00,1083.32
2019-01-01,0.00,0.00,0.00,0.00,0.00,0.00,1314.96
2019-01-02,0.00,0.00,0.00,0.00,0.00,0.00,1012.28
2019-01-03,0.00,0.00,0.00,0.00,0.00,0.00,1107.26
2019-01-04,0.00,0.00,0.00,0.00,0.00,0.00,696.47
2019-01-05,0.00,0.00,0.00,0.00,0.00,0.00,759.47
2019-01-06,0.00,0.00,0.00,0.00,0.00,0.00,3489.48
2019-01-07,0.00,0.00,0.00,0.00,0.00,0.00,3774.25
2019-01-08,0.00,0.00,0.00,0.00,0.00,0.00,2093.55
2019-01-09,0.00,0.00,0.00,0.00,0.00,0.00,2052.08
2019-01-10,0.00,0.00,0.00,0.00,0.00,0.00,2821.10
2019-01-11,0.00,0.00,0.00,0.00,0.00,0.00,912.32
2019-01-12,0.00,0.00,0.00,0.00,0.00,0.00,1608.34
2019-01-13,0.00,0.00,0.00,0.00,0.00,0.00,1995.91
2019-01-14,0.00,0.00,0.00,0.00,0.00,0.00,1763.00
2019-01-15,0.00,0.00,0.00,0.00,0.00,0.00,1446.92
2019-01-16,0.00,0.00,0.00,0.00,0.00,0.00,1427.26
2019-01-17,0.00,0.00,0.00,0.00,0.00,0.00,1433.17
2019-01-18,0.00,0.00,0.00,0.00,0.00,0.00,1844.14
2019-01-19,0.00,0.00,0.00,0.00,0.00,0.00,6252.99
2019-01-20,0.00,0.00,0.00,0.00,0.00,0.00,3348.32
2019-01-21,0.00,0.00,0.00,0.00,0.00,0.00,1740.11
2019-01-22,0.00,0.00,0.00,0.00,0.00,0.00,1734.52
2019-01-23,0.00,0.00,0.00,0.00,0.00,0.00,1869.78
2019-01-24,0.00,0.00,0.00,0.00,0.00,0.00,5075.41
2019-01-25,0.00,0.00,0.00,0.00,0.00,0.00,1638.21
2019-01-26,0.00,0.00,0.00,0.00,0.00,0.00,1373.26
2019-01-27,0.00,0.00,0.00,0.00,0.00,0.00,2142.97
2019-01-28,0.00,0.00,0.00,0.00,0.00,0.00,1576.10
2019-01-29,0.00,0.00,0.00,0.00,0.00,0.00,1119.08
2019-01-30,0.00,0.00,0.00,0.00,0.00,0.00,1435.17
2019-01-31,0.00,0.00,0.00,0.00,0.00,0.00,991.25
2019-02-01,0.00,0.00,0.00,0.00,0.00,0.00,1601.20
2019-02-02,0.00,0.00,0.00,0.00,0.00,0.00,1610.23
2019-02-03,0.00,0.00,0.00,0.00,0.00,0.00,1935.96
2019-02-04,0.00,0.00,0.00,0.00,0.00,0.00,2170.94
2019-02-05,0.00,0.00,0.00,0.00,0.00,0.00,1258.18
2019-02-06,0.00,0.00,0.00,0.00,0.00,0.00,1185.16
2019-02-07,0.00,0.00,0.00,0.00,0.00,0.00,2814.11
2019-02-08,0.00,0.00,0.00,0.00,0.00,0.00,900.41
2019-02-09,0.00,0.00,0.00,0.00,0.00,0.00,1474.49
2019-02-10,0.00,0.00,0.00,0.00,0.00,0.00,1825.32
2019-02-11,0.00,0.00,0.00,0.00,0.00,0.00,1235.31
2019-02-12,0.00,0.00,0.00,0.00,0.00,0.00,1370.95
2019-02-13,0.00,0.00,0.00,0.00,0.00,0.00,5536.78
2019-02-14,0.00,0.00,0.00,0.00,0.00,0.00,2798.71
2019-02-15,0.00,0.00,0.00,0.00,0.00,0.00,1288.38
2019-02-16,0.00,0.00,0.00,0.00,0.00,0.00,1371.26
2019-02-17,0.00,0.00,0.00,0.00,0.00,0.00,2090.01
2019-02-18,0.00,0.00,0.00,0.00,0.00,0.00,3463.68
2019-02-19,0.00,0.00,0.00,0.00,0.00,0.00,1721.64
2019-02-20,0.00,0.00,0.00,0.00,0.00,0.00,1763.21
2019-02-21,0.00,0.00,0.00,0.00,0.00,0.00,4632.63
2019-02-22,0.00,0.00,0.00,0.00,0.00,0.00,1936.08
2019-02-23,0.00,0.00,0.00,0.00,0.00,0.00,2027.20
2019-02-24,0.00,0.00,0.00,0.00,0.00,0.00,2176.21
2019-02-25,0.00,0.00,0.00,0.00,0.00,0.00,1632.26
2019-02-26,0.00,0.00,0.00,0.00,0.00,0.00,3323.19
2019-02-27,0.00,0.00,0.00,0.00,0.00,0.00,2244.85
2019-02-28,0.00,0.00,0.00,0.00,0.00,0.00,1678.96
2019-03-01,0.00,0.00,0.00,0.00,0.00,0.00,1303.31
2019-03-02,0.00,0.00,0.00,0.00,0.00,0.00,1088.29
2019-03-03,0.00,0.00,0.00,0.00,0.00,0.00,1635.09
2019-03-04,0.00,0.00,0.00,0.00,0.00,0.00,2214.07
2019-03-05,0.00,0.00,0.00,0.00,0.00,0.00,1283.98
2019-03-06,0.00,0.00,0.00,0.00,0.00,0.00,1047.33
2019-03-07,0.00,0.00,0.00,0.00,0.00,0.00,837.12
2019-03-08,0.00,0.00,0.00,0.00,0.00,0.00,2869.28
2019-03-09,0.00,0.00,0.00,0.00,0.00,0.00,769.62
2019-03-10,0.00,0.00,0.00,0.00,0.00,0.00,1548.19
2019-03-11,0.00,0.00,0.00,0.00,0.00,0.00,1504.28
2019-03-12,0.00,0.00,0.00,0.00,0.00,0.00,1712.13
2019-03-13,0.00,0.00,0.00,0.00,0.00,0.00,3314.54
2019-03-14,0.00,0.00,0.00,0.00,0.00,0.00,2388.86
2019-03-15,0.00,0.00,0.00,0.00,0.00,0.00,2260.84
2019-03-16,0.00,0.00,0.00,0.00,0.00,0.00,2651.23
2019-03-17,0.00,0.00,0.00,0.00,0.00,0.00,3019.12
2019-03-18,0.00,0.00,0.00,0.00,0.00,0.00,3634.57
2019-03-19,0.00,0.00,0.00,0.00,0.00,0.00,2566.57
2019-03-20,0.00,0.00,0.00,0.00,0.00,0.00,1430.97
2019-03-21,0.00,0.00,0.00,0.00,0.00,0.00,1561.19
2019-03-22,0.00,0.00,0.00,0.00,0.00,0.00,4459.58
2019-03-23,0.00,0.00,0.00,0.00,0.00,0.00,2237.25
2019-03-24,0.00,0.00,0.00,0.00,0.00,0.00,1939.97
2019-03-25,0.00,0.00,0.00,0.00,0.00,0.00,2080.26
2019-03-26,0.00,0.00,0.00,0.00,0.00,0.00,1964.92
2019-03-27,0.00,0.00,0.00,0.00,0.00,0.00,998.36
2019-03-28,0.00,0.00,0.00,0.00,0.00,0.00,3493.55
2019-03-29,0.00,0.00,0.00,0.00,0.00,0.00,2886.53
2019-03-30,0.00,0.00,0.00,0.00,0.00,0.00,2061.08
2019-03-31,0.00,0.00,0.00,0.00,0.00,0.00,2602.84
2019-04-01,0.00,0.00,0.00,0.00,0.00,0.00,1718.26
2019-04-02,0.00,0.00,0.00,0.00,0.00,0.00,2632.46
2019-04-03,0.00,0.00,0.00,0.00,0.00,0.00,2722.66
2019-04-04,0.00,0.00,0.00,0.00,0.00,0.00,1223.18
2019-04-05,0.00,0.00,0.00,0.00,0.00,0.00,2878.19
2019-04-06,0.00,0.00,0.00,0.00,0.00,0.00,2200.32
2019-04-07,0.00,0.00,0.00,0.00,0.00,0.00,790.52
2019-04-08,0.00,0.00,0.00,0.00,0.00,0.00,2703.93
2019-04-09,0.00,0.00,0.00,0.00,0.00,0.00,2350.73
2019-04-10,0.00,0.00,0.00,0.00,0.00,0.00,1639.00
2019-04-11,0.00,0.00,0.00,0.00,0.00,0.00,1700.25
2019-04-12,0.00,0.00,0.00,0.00,0.00,0.00,1696.09
2019-04-13,0.00,0.00,0.00,0.00,0.00,0.00,2375.08
2019-04-14,0.00,0.00,0.00,0.00,0.00,0.00,1285.31
2019-04-15,0.00,0.00,0.00,0.00,0.00,0.00,1050.25
2019-04-16,0.00,0.00,0.00,0.00,0.00,0.00,1104.13
2019-04-17,0.00,0.00,0.00,0.00,0.00,0.00,1015.16
2019-04-18,0.00,0.00,0.00,0.00,0.00,0.00,1026.30
2019-04-19,0.00,0.00,0.00,0.00,0.00,0.00,3176.00
2019-04-20,0.00,0.00,0.00,0.00,0.00,0.00,3553.94
2019-04-21,0.00,0.00,0.00,0.00,0.00,0.00,1768.12
2019-04-22,0.00,0.00,0.00,0.00,0.00,0.00,1893.20
2019-04-23,0.00,0.00,0.00,0.00,0.00,0.00,5852.32
2019-04-24,0.00,0.00,0.00,0.00,0.00,0.00,3233.72
2019-04-25,0.00,0.00,0.00,0.00,0.00,0.00,2200.57
2019-04-26,0.00,0.00,0.00,0.00,0.00,0.00,2113.91
2019-04-27,0.00,0.00,0.00,0.00,0.00,0.00,1291.15
2019-04-28,0.00,0.00,0.00,0.00,0.00,0.00,1455.00
2019-04-29,0.00,0.00,0.00,0.00,0.00,0.00,2429.99
2019-04-30,0.00,0.00,0.00,0.00,0.00,0.00,2166.65
2019-05-01,0.00,0.00,0.00,0.00,0.00,0.00,4848.93
2019-05-02,0.00,0.00,0.00,0.00,0.00,0.00,2266.84
2019-05-03,0.00,0.00,0.00,0.00,0.00,0.00,3071.05
2019-05-04,0.00,0.00,0.00,0.00,0.00,0.00,1565.43
2019-05-05,0.00,0.00,0.00,0.00,0.00,0.00,1074.42
2019-05-06,0.00,0.00,0.00,0.00,0.00,0.00,1195.29
2019-05-07,0.00,0.00,0.00,0.00,0.00,0.00,749.41
2019-05-08,0.00,0.00,0.00,0.00,0.00,0.00,1321.28
2019-05-09,0.00,0.00,0.00,0.00,0.00,0.00,1314.32
2019-05-10,0.00,0.00,0.00,0.00,0.00,0.00,1633.17
2019-05-11,0.00,0.00,0.00,0.00,0.00,0.00,1426.33
2019-05-12,0.00,0.00,0.00,0.00,0.00,0.00,2789.70
2019-05-13,0.00,0.00,0.00,0.00,0.00,0.00,2119.18
2019-05-14,0.00,0.00,0.00,0.00,0.00,0.00,999.08
2019-05-15,0.00,0.00,0.00,0.00,0.00,0.00,1111.23
2019-05-16,0.00,0.00,0.00,0.00,0.00,0.00,3913.65
2019-05-17,0.00,0.00,0.00,0.00,0.00,0.00,4465.86
2019-05-18,0.00,0.00,0.00,0.00,0.00,0.00,2038.92
2019-05-19,0.00,0.00,0.00,0.00,0.00,0.00,1470.26
2019-05-20,0.00,0.00,0.00,0.00,0.00,0.00,1387.06
2019-05-21,0.00,0.00,0.00,0.00,0.00,0.00,2531.80
2019-05-22,0.00,0.00,0.00,0.00,0.00,0.00,1969.30
2019-05-23,0.00,0.00,0.00,0.00,0.00,0.00,1734.24
2019-05-24,0.00,0.00,0.00,0.00,0.00,0.00,1059.39
2019-05-25,0.00,0.00,0.00,0.00,0.00,0.00,1768.23
2019-05-26,0.00,0.00,0.00,0.00,0.00,0.00,2522.88
2019-05-27,0.00,0.00,0.00,0.00,0.00,0.00,1603.21
2019-05-28,0.00,0.00,0.00,0.00,0.00,0.00,919.34
2019-05-29,0.00,0.00,0.00,0.00,0.00,0.00,1484.99
2019-05-30,0.00,0.00,0.00,0.00,0.00,0.00,3078.61
2019-05-31,0.00,0.00,0.00,0.00,0.00,0.00,2639.94
2019-06-01,0.00,0.00,0.00,0.00,0.00,0.00,3688.33
2019-06-02,0.00,0.00,0.00,0.00,0.00,0.00,3525.38
2019-06-03,0.00,0.00,0.00,0.00,0.00,0.00,1637.01
2019-06-04,0.00,0.00,0.00,0.00,0.00,0.00,1211.16
2019-06-05,0.00,0.00,0.00,0.00,0.00,0.00,1768.06
2019-06-06,0.00,0.00,0.00,0.00,0.00,0.00,1618.13
2019-06-07,0.00,0.00,0.00,0.00,0.00,0.00,1743.08
2019-06-08,0.00,0.00,0.00,0.00,0.00,0.00,1708.02
2019-06-09,0.00,0.00,0.00,0.00,0.00,0.00,2102.82
2019-06-10,0.00,0.00,0.00,0.00,0.00,0.00,2592.04
2019-06-11,0.00,0.00,0.00,0.00,0.00,0.00,1898.00
2019-06-12,0.00,0.00,0.00,0.00,0.00,0.00,2828.79
2019-06-13,0.00,0.00,0.00,0.00,0.00,0.00,2521.07
2019-06-14,0.00,0.00,0.00,0.00,0.00,0.00,2252.17
2019-06-15,0.00,0.00,0.00,0.00,0.00,0.00,2241.06
2019-06-16,0.00,0.00,0.00,0.00,0.00,0.00,1309.33
2019-06-17,0.00,0.00,0.00,0.00,0.00,0.00,1328.32
2019-06-18,0.00,0.00,0.00,0.00,0.00,0.00,944.28
2019-06-19,0.00,0.00,0.00,0.00,0.00,0.00,2382.97
2019-06-20,0.00,0.00,0.00,0.00,0.00,0.00,2378.13
2019-06-21,0.00,0.00,0.00,0.00,0.00,0.00,1989.13
2019-06-22,0.00,0.00,0.00,0.00,0.00,0.00,2849.03
2019-06-23,0.00,0.00,0.00,0.00,0.00,0.00,1612.22
2019-06-24,0.00,0.00,0.00,0.00,0.00,0.00,1562.28
2019-06-25,0.00,0.00,0.00,0.00,0.00,0.00,1556.31
2019-06-26,0.00,0.00,0.00,0.00,0.00,0.00,1866.90
2019-06-27,0.00,0.00,0.00,0.00,0.00,0.00,2664.72
2019-06-28,0.00,0.00,0.00,0.00,0.00,0.00,2625.80
2019-06-29,0.00,0.00,0.00,0.00,0.00,0.00,896.62
2019-06-30,0.00,0.00,0.00,0.00,0.00,0.00,1681.17
2019-07-01,0.00,0.00,0.00,0.00,0.00,0.00,1665.25
2019-07-02,0.00,0.00,0.00,0.00,0.00,0.00,1407.97
2019-07-03,0.00,0.00,0.00,0.00,0.00,0.00,796.45
2019-07-04,0.00,0.00,0.00,0.00,0.00,0.00,1313.45
2019-07-05,0.00,0.00,0.00,0.00,0.00,0.00,2037.11
2019-07-06,0.00,0.00,0.00,0.00,0.00,0.00,1250.25
2019-07-07,0.00,0.00,0.00,0.00,0.00,0.00,1536.14
2019-07-08,0.00,0.00,0.00,0.00,0.00,0.00,1024.26
2019-07-09,0.00,0.00,0.00,0.00,0.00,0.00,1320.18
2019-07-10,0.00,0.00,0.00,0.00,0.00,0.00,1934.01
2019-07-11,0.00,0.00,0.00,0.00,0.00,0.00,1880.23
2019-07-12,0.00,0.00,0.00,0.00,0.00,0.00,2161.05
2019-07-13,0.00,0.00,0.00,0.00,0.00,0.00,1411.40
2019-07-14,0.00,0.00,0.00,0.00,0.00,0.00,1438.14
2019-07-15,0.00,0.00,0.00,0.00,0.00,0.00,1195.38
2019-07-16,0.00,0.00,0.00,0.00,0.00,0.00,1019.39
2019-07-17,0.00,0.00,0.00,0.00,0.00,0.00,1175.34
2019-07-18,0.00,0.00,0.00,0.00,0.00,0.00,1021.46
2019-07-19,0.00,0.00,0.00,0.00,0.00,0.00,1358.35
2019-07-20,0.00,0.00,0.00,0.00,0.00,0.00,2291.02
2019-07-21,0.00,0.00,0.00,0.00,0.00,0.00,3145.85
2019-07-22,0.00,0.00,0.00,0.00,0.00,0.00,2533.30
2019-07-23,0.00,0.00,0.00,0.00,0.00,0.00,1068.37
2019-07-24,0.00,0.00,0.00,0.00,0.00,0.00,1154.25
2019-07-25,0.00,0.00,0.00,0.00,0.00,0.00,1369.47
2019-07-26,0.00,0.00,0.00,0.00,0.00,0.00,1369.46
2019-07-27,0.00,0.00,0.00,0.00,0.00,0.00,744.63
2019-07-28,0.00,0.00,0.00,0.00,0.00,0.00,2307.98
2019-07-29,0.00,0.00,0.00,0.00,0.00,0.00,1608.25
2019-07-30,0.00,0.00,0.00,0.00,0.00,0.00,1264.20
2019-07-31,0.00,0.00,0.00,0.00,0.00,0.00,2115.20
2019-08-01,0.00,0.00,0.00,0.00,0.00,0.00,2117.12
2019-08-02,0.00,0.00,0.00,0.00,0.00,0.00,775.46
2019-08-03,0.00,0.00,0.00,0.00,0.00,0.00,1121.34
2019-08-04,0.00,0.00,0.00,0.00,0.00,0.00,1451.36
2019-08-05,0.00,0.00,0.00,0.00,0.00,0.00,968.49
2019-08-06,0.00,0.00,0.00,0.00,0.00,0.00,955.15
2019-08-07,0.00,0.00,0.00,0.00,0.00,0.00,1146.28
2019-08-08,0.00,0.00,0.00,0.00,0.00,0.00,897.47
2019-08-09,0.00,0.00,0.00,0.00,0.00,0.00,1341.39
2019-08-10,0.00,0.00,0.00,0.00,0.00,0.00,1326.43
2019-08-11,0.00,0.00,0.00,0.00,0.00,0.00,1829.26
2019-08-12,0.00,0.00,0.00,0.00,0.00,0.00,2236.02
2019-08-13,0.00,0.00,0.00,0.00,0.00,0.00,1408.98
2019-08-14,0.00,0.00,0.00,0.00,0.00,0.00,1215.21
2019-08-15,0.00,0.00,0.00,0.00,0.00,0.00,1161.14
2019-08-16,0.00,0.00,0.00,0.00,0.00,0.00,1291.15
2019-08-17,0.00,0.00,0.00,0.00,0.00,0.00,1022.28
2019-08-18,0.00,0.00,0.00,0.00,0.00,0.00,1389.15
2019-08-19,0.00,0.00,0.00,0.00,0.00,0.00,1595.31
2019-08-20,0.00,0.00,0.00,0.00,0.00,0.00,2207.07
2019-08-21,0.00,0.00,0.00,0.00,0.00,0.00,3200.93
2019-08-22,0.00,0.00,0.00,0.00,0.00,0.00,1386.34
2019-08-23,0.00,0.00,0.00,0.00,0.00,0.00,1490.53
2019-08-24,0.00,0.00,0.00,0.00,0.00,0.00,686.70
2019-08-25,0.00,0.00,0.00,0.00,0.00,0.00,879.51
2019-08-26,0.00,0.00,0.00,0.00,0.00,0.00,1260.49
2019-08-27,0.00,0.00,0.00,0.00,0.00,0.00,857.25
2019-08-28,0.00,0.00,0.00,0.00,0.00,0.00,1366.38
2019-08-29,0.00,0.00,0.00,0.00,0.00,0.00,1812.19
2019-08-30,0.00,0.00,0.00,0.00,0.00,0.00,1960.96
2019-08-31,0.00,0.00,0.00,0.00,0.00,0.00,2644.05
2019-09-01,0.00,0.00,0.00,0.00,0.00,0.00,828.50
2019-09-02,0.00,0.00,0.00,0.00,0.00,0.00,2211.03
2019-09-03,0.00,0.00,0.00,0.00,0.00,0.00,1274.25
2019-09-04,0.00,0.00,0.00,0.00,0.00,0.00,958.43
2019-09-05,0.00,0.00,0.00,0.00,0.00,0.00,770.50
2019-09-06,0.00,0.00,0.00,0.00,0.00,0.00,2123.30
2019-09-07,0.00,0.00,0.00,0.00,0.00,0.00,1144.50
2019-09-08,0.00,0.00,0.00,0.00,0.00,0.00,3532.59
2019-09-09,0.00,0.00,0.00,0.00,0.00,0.00,2044.14
2019-09-10,0.00,0.00,0.00,0.00,0.00,0.00,2945.70
2019-09-11,0.00,0.00,0.00,0.00,0.00,0.00,958.40
2019-09-12,0.00,0.00,0.00,0.00,0.00,0.00,834.41
2019-09-13,0.00,0.00,0.00,0.00,0.00,0.00,824.48
2019-09-14,0.00,0.00,0.00,0.00,0.00,0.00,741.44
2019-09-15,0.00,0.00,0.00,0.00,0.00,0.00,1082.27
2019-09-16,0.00,0.00,0.00,0.00,0.00,0.00,1473.14
2019-09-17,0.00,0.00,0.00,0.00,0.00,0.00,982.34
2019-09-18,0.00,0.00,0.00,0.00,0.00,0.00,936.31
2019-09-19,0.00,0.00,0.00,0.00,0.00,0.00,805.41
2019-09-20,0.00,0.00,0.00,0.00,0.00,0.00,2019.12
2019-09-21,0.00,0.00,0.00,0.00,0.00,0.00,2301.10
2019-09-22,0.00,0.00,0.00,0.00,0.00,0.00,2480.03
2019-09-23,0.00,0.00,0.00,0.00,0.00,0.00,631.62
2019-09-24,0.00,0.00,0.00,0.00,0.00,0.00,1257.33
2019-09-25,0.00,0.00,0.00,0.00,0.00,0.00,486.44
2019-09-26,0.00,0.00,0.00,0.00,0.00,0.00,1040.45
2019-09-27,0.00,0.00,0.00,0.00,0.00,0.00,1548.32
2019-09-28,0.00,0.00,0.00,0.00,0.00,0.00,1825.30
2019-09-29,0.00,0.00,0.00,0.00,0.00,0.00,1654.19
2019-09-30,0.00,0.00,0.00,0.00,0.00,0.00,1728.11
2019-10-01,0.00,0.00,0.00,0.00,0.00,0.00,1015.22
2019-10-02,0.00,0.00,0.00,0.00,0.00,0.00,724.36
2019-10-03,0.00,0.00,0.00,0.00,0.00,0.00,666.62
2019-10-04,0.00,0.00,0.00,0.00,0.00,0.00,2424.07
2019-10-05,0.00,0.00,0.00,0.00,0.00,0.00,2153.14
2019-10-06,0.00,0.00,0.00,0.00,0.00,0.00,1447.32
2019-10-07,0.00,0.00,0.00,0.00,0.00,0.00,1381.47
2019-10-08,0.00,0.00,0.00,0.00,0.00,0.00,1292.20
2019-10-09,0.00,0.00,0.00,0.00,0.00,0.00,1886.14
2019-10-10,0.00,0.00,0.00,0.00,0.00,0.00,1797.19
2019-10-11,0.00,0.00,0.00,0.00,0.00,0.00,1283.35
2019-10-12,0.00,0.00,0.00,0.00,0.00,0.00,1133.43
2019-10-13,0.00,0.00,0.00,0.00,0.00,0.00,1668.86
2019-10-14,0.00,0.00,0.00,0.00,0.00,0.00,1592.28
2019-10-15,0.00,0.00,0.00,0.00,0.00,0.00,1171.26
2019-10-16,0.00,0.00,0.00,0.00,0.00,0.00,1285.37
2019-10-17,0.00,0.00,0.00,0.00,0.00,0.00,1196.29
2019-10-18,0.00,0.00,0.00,0.00,0.00,0.00,2115.12
2019-10-19,0.00,0.00,0.00,0.00,0.00,0.00,1502.33
2019-10-20,0.00,0.00,0.00,0.00,0.00,0.00,2305.19
2019-10-21,0.00,0.00,0.00,0.00,0.00,0.00,1062.56
2019-10-22,0.00,0.00,0.00,0.00,0.00,0.00,702.58
2019-10-23,0.00,0.00,0.00,0.00,0.00,0.00,1070.31
2019-10-24,0.00,0.00,0.00,0.00,0.00,0.00,689.51
2019-10-25,0.00,0.00,0.00,0.00,0.00,0.00,1796.05
2019-10-26,0.00,0.00,0.00,0.00,0.00,0.00,1566.19
2019-10-27,0.00,0.00,0.00,0.00,0.00,0.00,1445.37
2019-10-28,0.00,0.00,0.00,0.00,0.00,0.00,1264.35
2019-10-29,0.00,0.00,0.00,0.00,0.00,0.00,1487.08
2019-10-30,0.00,0.00,0.00,0.00,0.00,0.00,1821.96
2019-10-31,0.00,0.00,0.00,0.00,0.00,0.00,994.54
2019-11-01,0.00,0.00,0.00,0.00,0.00,0.00,1125.43
2019-11-02,0.00,0.00,0.00,0.00,0.00,0.00,804.59
2019-11-03,0.00,0.00,0.00,0.00,0.00,0.00,1013.47
2019-11-04,0.00,0.00,0.00,0.00,0.00,0.00,723.61
2019-11-05,0.00,0.00,0.00,0.00,0.00,0.00,651.36
2019-11-06,0.00,0.00,0.00,0.00,0.00,0.00,1207.42
2019-11-07,0.00,0.00,0.00,0.00,0.00,0.00,1445.16
2019-11-08,0.00,0.00,0.00,0.00,0.00,0.00,1949.08
2019-11-09,0.00,0.00,0.00,0.00,0.00,0.00,1563.17
2019-11-10,0.00,0.00,0.00,0.00,0.00,0.00,829.40
2019-11-11,0.00,0.00,0.00,0.00,0.00,0.00,1043.56
2019-11-12,0.00,0.00,0.00,0.00,0.00,0.00,1428.17
2019-11-13,0.00,0.00,0.00,0.00,0.00,0.00,1153.37
2019-11-14,0.00,0.00,0.00,0.00,0.00,0.00,836.53
2019-11-15,0.00,0.00,0.00,0.00,0.00,0.00,1638.41
2019-11-16,0.00,0.00,0.00,0.00,0.00,0.00,2099.34
2019-11-17,0.00,0.00,0.00,0.00,0.00,0.00,1069.51
2019-11-18,0.00,0.00,0.00,0.00,0.00,0.00,1916.24
2019-11-19,0.00,0.00,0.00,0.00,0.00,0.00,1061.13
2019-11-20,0.00,0.00,0.00,0.00,0.00,0.00,1115.35
2019-11-21,0.00,0.00,0.00,0.00,0.00,0.00,746.63
2019-11-22,0.00,0.00,0.00,0.00,0.00,0.00,1008.43
2019-11-23,0.00,0.00,0.00,0.00,0.00,0.00,644.56
2019-11-24,0.00,0.00,0.00,0.00,0.00,0.00,941.42
2019-11-25,0.00,0.00,0.00,0.00,0.00,0.00,911.63
2019-11-26,0.00,0.00,0.00,0.00,0.00,0.00,1188.25
2019-11-27,0.00,0.00,0.00,0.00,0.00,0.00,1113.18
2019-11-28,0.00,0.00,0.00,0.00,0.00,0.00,1274.31
2019-11-29,0.00,0.00,0.00,0.00,0.00,0.00,2698.87
2019-11-30,0.00,0.00,0.00,0.00,0.00,0.00,853.37
2019-12-01,0.00,0.00,0.00,0.00,0.00,0.00,1128.44
2019-12-02,0.00,0.00,0.00,0.00,0.00,0.00,573.66
2019-12-03,0.00,0.00,0.00,0.00,0.00,0.00,679.59
2019-12-04,0.00,0.00,0.00,0.00,0.00,0.00,501.67
2019-12-05,0.00,0.00,0.00,0.00,0.00,0.00,489.75
2019-12-06,0.00,0.00,0.00,0.00,0.00,0.00,634.59
2019-12-07,0.00,0.00,0.00,0.00,0.00,0.00,931.54
2019-12-08,0.00,0.00,0.00,0.00,0.00,0.00,1309.32
2019-12-09,0.00,0.00,0.00,0.00,0.00,0.00,2146.32
2019-12-10,0.00,0.00,0.00,0.00,0.00,0.00,774.35
2019-12-11,0.00,0.00,0.00,0.00,0.00,0.00,1070.41
2019-12-12,0.00,0.00,0.00,0.00,0.00,0.00,492.72
2019-12-13,0.00,0.00,0.00,0.00,0.00,0.00,1642.26
2019-12-14,0.00,0.00,0.00,0.00,0.00,0.00,1113.48
2019-12-15,0.00,0.00,0.00,0.00,0.00,0.00,2214.18
2019-12-16,0.00,0.00,0.00,0.00,0.00,0.00,1717.33
2019-12-17,0.00,0.00,0.00,0.00,0.00,0.00,1788.39
2019-12-18,0.00,0.00,0.00,0.00,0.00,0.00,2662.88
2019-12-19,0.00,0.00,0.00,0.00,0.00,0.00,2526.17
2019-12-20,0.00,0.00,0.00,0.00,0.00,0.00,634.55
2019-12-21,0.00,0.00,0.00,0.00,0.00,0.00,655.43
2019-12-22,0.00,0.00,0.00,0.00,0.00,0.00,759.36
2019-12-23,0.00,0.00,0.00,0.00,0.00,0.00,1096.38
2019-12-24,0.00,0.00,0.00,0.00,0.00,0.00,495.39
2019-12-25,0.00,0.00,0.00,0.00,0.00,0.00,596.50
2019-12-26,0.00,0.00,0.00,0.00,0.00,0.00,615.66
2019-12-27,0.00,0.00,0.00,0.00,0.00,0.00,2154.97
2019-12-28,0.00,0.00,0.00,0.00,0.00,0.00,823.57
2019-12-29,0.00,0.00,0.00,0.00,0.00,0.00,2163.24
2019-12-30,0.00,0.00,0.00,0.00,0.00,0.00,912.55
2019-12-31,0.00,0.00,0.00,0.00,0.00,0.00,778.48
2020-01-01,0.00,0.00,0.00,0.00,0.00,0.00,917.53
2020-01-02,0.00,0.00,0.00,0.00,0.00,0.00,526.68
2020-01-03,0.00,0.00,0.00,0.00,0.00,0.00,595.56
2020-01-04,0.00,0.00,0.00,0.00,0.00,0.00,822.55
2020-01-05,0.00,0.00,0.00,0.00,0.00,0.00,533.55
2020-01-06,0.00,0.00,0.00,0.00,0.00,0.00,1453.30
2020-01-07,0.00,0.00,0.00,0.00,0.00,0.00,909.48
2020-01-08,0.00,0.00,0.00,0.00,0.00,0.00,1095.31
2020-01-09,0.00,0.00,0.00,0.00,0.00,0.00,601.57
2020-01-10,0.00,0.00,0.00,0.00,0.00,0.00,386.79
2020-01-11,0.00,0.00,0.00,0.00,0.00,0.00,596.66
2020-01-12,0.00,0.00,0.00,0.00,0.00,0.00,728.50
2020-01-13,0.00,0.00,0.00,0.00,0.00,0.00,656.49
2020-01-14,0.00,0.00,0.00,0.00,0.00,0.00,564.44
2020-01-15,0.00,0.00,0.00,0.00,0.00,0.00,565.55
2020-01-16,0.00,0.00,0.00,0.00,0.00,0.00,807.48
2020-01-17,0.00,0.00,0.00,0.00,0.00,0.00,705.48
2020-01-18,0.00,0.00,0.00,0.00,0.00,0.00,671.56
2020-01-19,0.00,0.00,0.00,0.00,0.00,0.00,2544.00
2020-01-20,0.00,0.00,0.00,0.00,0.00,0.00,1506.39
2020-01-21,0.00,0.00,0.00,0.00,0.00,0.00,358.60
2020-01-22,0.00,0.00,0.00,0.00,0.00,0.00,693.54
2020-01-23,0.00,0.00,0.00,0.00,0.00,0.00,1218.40
2020-01-24,0.00,0.00,0.00,0.00,0.00,0.00,829.46
2020-01-25,0.00,0.00,0.00,0.00,0.00,0.00,701.61
2020-01-26,0.00,0.00,0.00,0.00,0.00,0.00,1361.39
2020-01-27,0.00,0.00,0.00,0.00,0.00,0.00,1889.31
2020-01-28,0.00,0.00,0.00,0.00,0.00,0.00,1860.99
2020-01-29,0.00,0.00,0.00,0.00,0.00,0.00,931.62
2020-01-30,0.00,0.00,0.00,0.00,0.00,0.00,912.40
2020-01-31,0.00,0.00,0.00,0.00,0.00,0.00,631.57
2020-02-01,0.00,0.00,0.00,0.00,0.00,0.00,668.56
2020-02-02,0.00,0.00,0.00,0.00,0.00,0.00,829.42
2020-02-03,0.00,0.00,0.00,0.00,0.00,0.00,1013.47
2020-02-04,0.00,0.00,0.00,0.00,0.00,0.00,1220.33
2020-02-05,0.00,0.00,0.00,0.00,0.00,0.00,818.57
2020-02-06,0.00,0.00,0.00,0.00,0.00,0.00,698.67
2020-02-07,0.00,0.00,0.00,0.00,0.00,0.00,1323.42
2020-02-08,0.00,0.00,0.00,0.00,0.00,0.00,956.57
2020-02-09,0.00,0.00,0.00,0.00,0.00,0.00,628.60
2020-02-10,0.00,0.00,0.00,0.00,0.00,0.00,1035.53
2020-02-11,0.00,0.00,0.00,0.00,0.00,0.00,1177.44
2020-02-12,0.00,0.00,0.00,0.00,0.00,0.00,890.51
2020-02-13,0.00,0.00,0.00,0.00,0.00,0.00,1682.20
2020-02-14,0.00,0.00,0.00,0.00,0.00,0.00,2019.05
2020-02-15,0.00,0.00,0.00,0.00,0.00,0.00,939.45
2020-02-16,0.00,0.00,0.00,0.00,0.00,0.00,987.46
2020-02-17,0.00,0.00,0.00,0.00,0.00,0.00,621.41
2020-02-18,0.00,0.00,0.00,0.00,0.00,0.00,960.38
2020-02-19,0.00,0.00,0.00,0.00,0.00,0.00,1426.42
2020-02-20,0.00,0.00,0.00,0.00,0.00,0.00,528.68
2020-02-21,0.00,0.00,0.00,0.00,0.00,0.00,929.61
2020-02-22,0.00,0.00,0.00,0.00,0.00,0.00,678.61
2020-02-23,0.00,0.00,0.00,0.00,0.00,0.00,708.54
2020-02-24,0.00,0.00,0.00,0.00,0.00,0.00,610.70
2020-02-25,0.00,0.00,0.00,0.00,0.00,0.00,982.46
2020-02-26,0.00,0.00,0.00,0.00,0.00,0.00,1956.16
2020-02-27,0.00,0.00,0.00,0.00,0.00,0.00,967.54
2020-02-28,0.00,0.00,0.00,0.00,0.00,0.00,833.55
2020-02-29,0.00,0.00,0.00,0.00,0.00,0.00,881.59
2020-03-01,0.00,0.00,0.00,0.00,0.00,0.00,724.68
2020-03-02,0.00,0.00,0.00,0.00,0.00,0.00,1308.55
2020-03-03,0.00,0.00,0.00,0.00,0.00,0.00,724.58
2020-03-04,0.00,0.00,0.00,0.00,0.00,0.00,987.41
2020-03-05,0.00,0.00,0.00,0.00,0.00,0.00,1142.47
2020-03-06,0.00,0.00,0.00,0.00,0.00,0.00,578.46
2020-03-07,0.00,0.00,0.00,0.00,0.00,0.00,1339.53
2020-03-08,0.00,0.00,0.00,0.00,0.00,0.00,1268.29
2020-03-09,0.00,0.00,0.00,0.00,0.00,0.00,541.65
2020-03-10,0.00,0.00,0.00,0.00,0.00,0.00,999.53
2020-03-11,0.00,0.00,0.00,0.00,0.00,0.00,707.51
2020-03-12,0.00,0.00,0.00,0.00,0.00,0.00,1003.65
2020-03-13,0.00,0.00,0.00,0.00,0.00,0.00,1155.46
2020-03-14,0.00,0.00,0.00,0.00,0.00,0.00,1037.43
2020-03-15,0.00,0.00,0.00,0.00,0.00,0.00,535.61
2020-03-16,0.00,0.00,0.00,0.00,0.00,0.00,851.59
2020-03-17,0.00,0.00,0.00,0.00,0.00,0.00,975.16
2020-03-18,0.00,0.00,0.00,0.00,0.00,0.00,1303.22
2020-03-19,0.00,0.00,0.00,0.00,0.00,0.00,585.68
2020-03-20,0.00,0.00,0.00,0.00,0.00,0.00,444.72
2020-03-21,0.00,0.00,0.00,0.00,0.00,0.00,865.68
2020-03-22,0.00,0.00,0.00,0.00,0.00,0.00,823.64
2020-03-23,0.00,0.00,0.00,0.00,0.00,0.00,829.76
2020-03-24,0.00,0.00,0.00,0.00,0.00,0.00,743.50
2020-03-25,0.00,0.00,0.00,0.00,0.00,0.00,683.60
2020-03-26,0.00,0.00,0.00,0.00,0.00,0.00,1060.52
2020-03-27,0.00,0.00,0.00,0.00,0.00,0.00,1783.25
2020-03-28,0.00,0.00,0.00,0.00,0.00,0.00,1098.53
2020-03-29,0.00,0.00,0.00,0.00,0.00,0.00,551.71
2020-03-30,0.00,0.00,0.00,0.00,0.00,0.00,621.73
2020-03-31,0.00,0.00,0.00,0.00,0.00,0.00,408.59
2020-04-01,0.00,0.00,0.00,0.00,0.00,0.00,206.78
2020-04-02,0.00,0.00,0.00,0.00,0.00,0.00,637.61
2020-04-03,0.00,0.00,0.00,0.00,0.00,0.00,676.67
2020-04-04,0.00,0.00,0.00,0.00,0.00,0.00,634.69
2020-04-05,0.00,0.00,0.00,0.00,0.00,0.00,438.66
2020-04-06,0.00,0.00,0.00,0.00,0.00,0.00,703.48
2020-04-07,0.00,0.00,0.00,0.00,0.00,0.00,1062.23
2020-04-08,0.00,0.00,0.00,0.00,0.00,0.00,833.54
2020-04-09,0.00,0.00,0.00,0.00,0.00,0.00,253.83
2020-04-10,0.00,0.00,0.00,0.00,0.00,0.00,516.81
2020-04-11,0.00,0.00,0.00,0.00,0.00,0.00,794.72
2020-04-12,0.00,0.00,0.00,0.00,0.00,0.00,884.56
2020-04-13,0.00,0.00,0.00,0.00,0.00,0.00,901.70
2020-04-14,0.00,0.00,0.00,0.00,0.00,0.00,764.54
2020-04-15,0.00,0.00,0.00,0.00,0.00,0.00,554.73
2020-04-16,0.00,0.00,0.00,0.00,0.00,0.00,291.83
2020-04-17,0.00,0.00,0.00,0.00,0.00,0.00,999.65
2020-04-18,0.00,0.00,0.00,0.00,0.00,0.00,544.78
2020-04-19,0.00,0.00,0.00,0.00,0.00,0.00,1139.66
2020-04-20,0.00,0.00,0.00,0.00,0.00,0.00,271.82
2020-04-21,0.00,0.00,0.00,0.00,0.00,0.00,640.53
2020-04-22,0.00,0.00,0.00,0.00,0.00,0.00,1575.39
2020-04-23,0.00,0.00,0.00,0.00,0.00,0.00,1286.51
2020-04-24,0.00,0.00,0.00,0.00,0.00,0.00,668.59
2020-04-25,0.00,0.00,0.00,0.00,0.00,0.00,689.53
2020-04-26,0.00,0.00,0.00,0.00,0.00,0.00,633.57
2020-04-27,0.00,0.00,0.00,0.00,0.00,0.00,676.50
2020-04-28,0.00,0.00,0.00,0.00,0.00,0.00,482.61
2020-04-29,0.00,0.00,0.00,0.00,0.00,0.00,486.74
2020-04-30,0.00,0.00,0.00,0.00,0.00,0.00,612.69
2020-05-01,0.00,0.00,0.00,0.00,0.00,0.00,425.63
2020-05-02,0.00,0.00,0.00,0.00,0.00,0.00,303.72
2020-05-03,0.00,0.00,0.00,0.00,0.00,0.00,711.75
2020-05-04,0.00,0.00,0.00,0.00,0.00,0.00,1099.54
2020-05-05,0.00,0.00,0.00,0.00,0.00,0.00,260.66
2020-05-06,0.00,0.00,0.00,0.00,0.00,0.00,446.66
2020-05-07,0.00,0.00,0.00,0.00,0.00,0.00,556.56
2020-05-08,0.00,0.00,0.00,0.00,0.00,0.00,473.71
2020-05-09,0.00,0.00,0.00,0.00,0.00,0.00,340.74
2020-05-10,0.00,0.00,0.00,0.00,0.00,0.00,956.60
2020-05-11,0.00,0.00,0.00,0.00,0.00,0.00,600.55
2020-05-12,0.00,0.00,0.00,0.00,0.00,0.00,678.59
2020-05-13,0.00,0.00,0.00,0.00,0.00,0.00,344.69
2020-05-14,0.00,0.00,0.00,0.00,0.00,0.00,389.79
2020-05-15,0.00,0.00,0.00,0.00,0.00,0.00,349.72
2020-05-16,0.00,0.00,0.00,0.00,0.00,0.00,856.69
2020-05-17,0.00,0.00,0.00,0.00,0.00,0.00,979.45
2020-05-18,0.00,0.00,0.00,0.00,0.00,0.00,1428.60
2020-05-19,0.00,0.00,0.00,0.00,0.00,0.00,338.69
2020-05-20,0.00,0.00,0.00,0.00,0.00,0.00,319.78
2020-05-21,0.00,0.00,0.00,0.00,0.00,0.00,270.83
2020-05-22,0.00,0.00,0.00,0.00,0.00,0.00,571.65
2020-05-23,0.00,0.00,0.00,0.00,0.00,0.00,546.58
2020-05-24,0.00,0.00,0.00,0.00,0.00,0.00,796.60
2020-05-25,0.00,0.00,0.00,0.00,0.00,0.00,1435.56
2020-05-26,0.00,0.00,0.00,0.00,0.00,0.00,1109.36
2020-05-27,0.00,0.00,0.00,0.00,0.00,0.00,485.51
2020-05-28,0.00,0.00,0.00,0.00,0.00,0.00,611.69
2020-05-29,0.00,0.00,0.00,0.00,0.00,0.00,642.60
2020-05-30,0.00,0.00,0.00,0.00,0.00,0.00,795.66
2020-05-31,0.00,0.00,0.00,0.00,0.00,0.00,1475.24
2020-06-01,0.00,0.00,0.00,0.00,0.00,0.00,1463.36
2020-06-02,0.00,0.00,0.00,0.00,0.00,0.00,562.52
2020-06-03,0.00,0.00,0.00,0.00,0.00,0.00,796.58
2020-06-04,0.00,0.00,0.00,0.00,0.00,0.00,1105.41
2020-06-05,0.00,0.00,0.00,0.00,0.00,0.00,835.52
2020-06-06,0.00,0.00,0.00,0.00,0.00,0.00,1294.43
2020-06-07,0.00,0.00,0.00,0.00,0.00,0.00,2136.33
2020-06-08,0.00,0.00,0.00,0.00,0.00,0.00,915.60
2020-06-09,0.00,0.00,0.00,0.00,0.00,0.00,753.58
2020-06-10,0.00,0.00,0.00,0.00,0.00,0.00,624.69
2020-06-11,0.00,0.00,0.00,0.00,0.00,0.00,399.74
2020-06-12,0.00,0.00,0.00,0.00,0.00,0.00,1236.48
2020-06-13,0.00,0.00,0.00,0.00,0.00,0.00,1834.46
2020-06-14,0.00,0.00,0.00,0.00,0.00,0.00,1264.40
2020-06-15,0.00,0.00,0.00,0.00,0.00,0.00,856.53
2020-06-16,0.00,0.00,0.00,0.00,0.00,0.00,860.48
2020-06-17,0.00,0.00,0.00,0.00,0.00,0.00,463.72
2020-06-18,0.00,0.00,0.00,0.00,0.00,0.00,1271.51
2020-06-19,0.00,0.00,0.00,0.00,0.00,0.00,761.64
2020-06-20,0.00,0.00,0.00,0.00,0.00,0.00,478.68
2020-06-21,0.00,0.00,0.00,0.00,0.00,0.00,945.40
2020-06-22,0.00,0.00,0.00,0.00,0.00,0.00,858.56
2020-06-23,0.00,0.00,0.00,0.00,0.00,0.00,671.66
2020-06-24,0.00,0.00,0.00,0.00,0.00,0.00,722.59
2020-06-25,0.00,0.00,0.00,0.00,0.00,0.00,1116.57
2020-06-26,0.00,0.00,0.00,0.00,0.00,0.00,1533.17
2020-06-27,0.00,0.00,0.00,0.00,0.00,0.00,1583.39
2020-06-28,0.00,0.00,0.00,0.00,0.00,0.00,839.66
2020-06-29,0.00,0.00,0.00,0.00,0.00,0.00,268.79
2020-06-30,0.00,0.00,0.00,0.00,0.00,0.00,782.55
2020-07-01,0.00,0.00,0.00,0.00,0.00,0.00,619.55
2020-07-02,0.00,0.00,0.00,0.00,0.00,0.00,711.70
2020-07-03,0.00,0.00,0.00,0.00,0.00,0.00,840.63
2020-07-04,0.00,0.00,0.00,0.00,0.00,0.00,1340.51
2020-07-05,0.00,0.00,0.00,0.00,0.00,0.00,1558.31
2020-07-06,0.00,0.00,0.00,0.00,0.00,0.00,1203.30
2020-07-07,0.00,0.00,0.00,0.00,0.00,0.00,580.61
2020-07-08,0.00,0.00,0.00,0.00,0.00,0.00,626.70
2020-07-09,0.00,0.00,0.00,0.00,0.00,0.00,208.75
2020-07-10,0.00,0.00,0.00,0.00,0.00,0.00,516.68
2020-07-11,0.00,0.00,0.00,0.00,0.00,0.00,301.78
2020-07-12,0.00,0.00,0.00,0.00,0.00,0.00,1296.52
2020-07-13,0.00,0.00,0.00,0.00,0.00,0.00,724.69
2020-07-14,0.00,0.00,0.00,0.00,0.00,0.00,985.51
2020-07-15,0.00,0.00,0.00,0.00,0.00,0.00,674.70
2020-07-16,0.00,0.00,0.00,0.00,0.00,0.00,1273.41
2020-07-17,0.00,0.00,0.00,0.00,0.00,0.00,436.77
2020-07-18,0.00,0.00,0.00,0.00,0.00,0.00,951.70
2020-07-19,0.00,0.00,0.00,0.00,0.00,0.00,630.70
2020-07-20,0.00,0.00,0.00,0.00,0.00,0.00,816.72
2020-07-21,0.00,0.00,0.00,0.00,0.00,0.00,681.48
2020-07-22,0.00,0.00,0.00,0.00,0.00,0.00,849.54
2020-07-23,0.00,0.00,0.00,0.00,0.00,0.00,753.75
2020-07-24,0.00,0.00,0.00,0.00,0.00,0.00,654.70
2020-07-25,0.00,0.00,0.00,0.00,0.00,0.00,659.65
2020-07-26,0.00,0.00,0.00,0.00,0.00,0.00,1381.58
2020-07-27,0.00,0.00,0.00,0.00,0.00,0.00,508.69
2020-07-28,0.00,0.00,0.00,0.00,0.00,0.00,1352.29
2020-07-29,0.00,0.00,0.00,0.00,0.00,0.00,386.66
2020-07-30,0.00,0.00,0.00,0.00,0.00,0.00,705.60
2020-07-31,0.00,0.00,0.00,0.00,0.00,0.00,454.66
2020-08-01,0.00,0.00,0.00,0.00,0.00,0.00,949.58
2020-08-02,0.00,0.00,0.00,0.00,0.00,0.00,626.61
2020-08-03,0.00,0.00,0.00,0.00,0.00,0.00,576.71
2020-08-04,0.00,0.00,0.00,0.00,0.00,0.00,948.48
2020-08-05,0.00,0.00,0.00,0.00,0.00,0.00,835.50
2020-08-06,0.00,0.00,0.00,0.00,0.00,0.00,618.66
2020-08-07,0.00,0.00,0.00,0.00,0.00,0.00,569.64
2020-08-08,0.00,0.00,0.00,0.00,0.00,0.00,411.78
2020-08-09,0.00,0.00,0.00,0.00,0.00,0.00,1094.60
2020-08-10,0.00,0.00,0.00,0.00,0.00,0.00,553.68
2020-08-11,0.00,0.00,0.00,0.00,0.00,0.00,505.67
2020-08-12,0.00,0.00,0.00,0.00,0.00,0.00,791.59
2020-08-13,0.00,0.00,0.00,0.00,0.00,0.00,631.57
2020-08-14,0.00,0.00,0.00,0.00,0.00,0.00,944.56
2020-08-15,0.00,0.00,0.00,0.00,0.00,0.00,1069.54
2020-08-16,0.00,0.00,0.00,0.00,0.00,0.00,759.53
2020-08-17,0.00,0.00,0.00,0.00,0.00,0.00,495.76
2020-08-18,0.00,0.00,0.00,0.00,0.00,0.00,567.57
2020-08-19,0.00,0.00,0.00,0.00,0.00,0.00,446.62
2020-08-20,0.00,0.00,0.00,0.00,0.00,0.00,939.54
2020-08-21,0.00,0.00,0.00,0.00,0.00,0.00,1094.55
2020-08-22,0.00,0.00,0.00,0.00,0.00,0.00,538.74
2020-08-23,0.00,0.00,0.00,0.00,0.00,0.00,938.50
2020-08-24,0.00,0.00,0.00,0.00,0.00,0.00,587.67
2020-08-25,0.00,0.00,0.00,0.00,0.00,0.00,426.54
2020-08-26,0.00,0.00,0.00,0.00,0.00,0.00,599.58
2020-08-27,0.00,0.00,0.00,0.00,0.00,0.00,502.73
2020-08-28,0.00,0.00,0.00,0.00,0.00,0.00,409.74
2020-08-29,0.00,0.00,0.00,0.00,0.00,0.00,1391.49
2020-08-30,0.00,0.00,0.00,0.00,0.00,0.00,757.62
2020-08-31,0.00,0.00,0.00,0.00,0.00,0.00,703.75
2020-09-01,0.00,0.00,0.00,0.00,0.00,0.00,544.55
2020-09-02,0.00,0.00,0.00,0.00,0.00,0.00,1047.32
2020-09-03,0.00,0.00,0.00,0.00,0.00,0.00,1281.42
2020-09-04,0.00,0.00,0.00,0.00,0.00,0.00,770.49
2020-09-05,0.00,0.00,0.00,0.00,0.00,0.00,736.70
2020-09-06,0.00,0.00,0.00,0.00,0.00,0.00,3074.27
2020-09-07,0.00,0.00,0.00,0.00,0.00,0.00,749.68
2020-09-08,0.00,0.00,0.00,0.00,0.00,0.00,952.54
2020-09-09,0.00,0.00,0.00,0.00,0.00,0.00,542.65
2020-09-10,0.00,0.00,0.00,0.00,0.00,0.00,406.72
2020-09-11,0.00,0.00,0.00,0.00,0.00,0.00,986.56
2020-09-12,0.00,0.00,0.00,0.00,0.00,0.00,661.65
2020-09-13,0.00,0.00,0.00,0.00,0.00,0.00,654.51
2020-09-14,0.00,0.00,0.00,0.00,0.00,0.00,999.50
2020-09-15,0.00,0.00,0.00,0.00,0.00,0.00,525.62
2020-09-16,0.00,0.00,0.00,0.00,0.00,0.00,1178.48
2020-09-17,0.00,0.00,0.00,0.00,0.00,0.00,628.79
2020-09-18,0.00,0.00,0.00,0.00,0.00,0.00,637.64
2020-09-19,0.00,0.00,0.00,0.00,0.00,0.00,1254.57
2020-09-20,0.00,0.00,0.00,0.00,0.00,0.00,1088.50
2020-09-21,0.00,0.00,0.00,0.00,0.00,0.00,1193.55
2020-09-22,0.00,0.00,0.00,0.00,0.00,0.00,1326.31
2020-09-23,0.00,0.00,0.00,0.00,0.00,0.00,839.52
2020-09-24,0.00,0.00,0.00,0.00,0.00,0.00,1128.49
2020-09-25,0.00,0.00,0.00,0.00,0.00,0.00,979.59
2020-09-26,0.00,0.00,0.00,0.00,0.00,0.00,794.71
2020-09-27,0.00,0.00,0.00,0.00,0.00,0.00,848.58
2020-09-28,0.00,0.00,0.00,0.00,0.00,0.00,734.76
2020-09-29,0.00,0.00,0.00,0.00,0.00,0.00,736.52
2020-09-30,0.00,0.00,0.00,0.00,0.00,0.00,286.72
2020-10-01,0.00,0.00,0.00,0.00,0.00,0.00,476.75
2020-10-02,0.00,0.00,0.00,0.00,0.00,0.00,807.64
2020-10-03,0.00,0.00,0.00,0.00,0.00,0.00,764.71
2020-10-04,0.00,0.00,0.00,0.00,0.00,0.00,1785.29
2020-10-05,0.00,0.00,0.00,0.00,0.00,0.00,1439.51
2020-10-06,0.00,0.00,0.00,0.00,0.00,0.00,566.49
2020-10-07,0.00,0.00,0.00,0.00,0.00,0.00,1032.55
2020-10-08,0.00,0.00,0.00,0.00,0.00,0.00,575.62
2020-10-09,0.00,0.00,0.00,0.00,0.00,0.00,689.58
2020-10-10,0.00,0.00,0.00,0.00,0.00,0.00,1061.54
2020-10-11,0.00,0.00,0.00,0.00,0.00,0.00,1390.35
2020-10-12,0.00,0.00,0.00,0.00,0.00,0.00,2620.15
2020-10-13,0.00,0.00,0.00,0.00,0.00,0.00,1722.86
2020-10-14,0.00,0.00,0.00,0.00,0.00,0.00,2063.19
2020-10-15,0.00,0.00,0.00,0.00,0.00,0.00,2275.33
2020-10-16,0.00,0.00,0.00,0.00,0.00,0.00,666.71
2020-10-17,0.00,0.00,0.00,0.00,0.00,0.00,864.68
2020-10-18,0.00,0.00,0.00,0.00,0.00,0.00,638.63
2020-10-19,0.00,0.00,0.00,0.00,0.00,0.00,546.71
2020-10-20,0.00,0.00,0.00,0.00,0.00,0.00,970.29
2020-10-21,0.00,0.00,0.00,0.00,0.00,0.00,937.56
2020-10-22,0.00,0.00,0.00,0.00,0.00,0.00,716.66
2020-10-23,0.00,0.00,0.00,0.00,0.00,0.00,1162.54
2020-10-24,0.00,0.00,0.00,0.00,0.00,0.00,764.54
2020-10-25,0.00,0.00,0.00,0.00,0.00,0.00,1549.25
2020-10-26,0.00,0.00,0.00,0.00,0.00,0.00,955.56
2020-10-27,0.00,0.00,0.00,0.00,0.00,0.00,677.49
2020-10-28,0.00,0.00,0.00,0.00,0.00,0.00,880.43
2020-10-29,0.00,0.00,0.00,0.00,0.00,0.00,528.49
2020-10-30,0.00,0.00,0.00,0.00,0.00,0.00,703.50
2020-10-31,0.00,0.00,0.00,0.00,0.00,0.00,1177.32
2020-11-01,0.00,0.00,0.00,0.00,0.00,0.00,1283.50
2020-11-02,0.00,0.00,0.00,0.00,0.00,0.00,1145.44
2020-11-03,0.00,0.00,0.00,0.00,0.00,0.00,1051.29
2020-11-04,0.00,0.00,0.00,0.00,0.00,0.00,714.60
2020-11-05,0.00,0.00,0.00,0.00,0.00,0.00,401.71
2020-11-06,0.00,0.00,0.00,0.00,0.00,0.00,710.61
2020-11-07,0.00,0.00,0.00,0.00,0.00,0.00,940.49
2020-11-08,0.00,0.00,0.00,0.00,0.00,0.00,1418.30
2020-11-09,0.00,0.00,0.00,0.00,0.00,0.00,1698.35
2020-11-10,0.00,0.00,0.00,0.00,0.00,0.00,1047.35
2020-11-11,0.00,0.00,0.00,0.00,0.00,0.00,734.40
2020-11-12,0.00,0.00,0.00,0.00,0.00,0.00,849.57
2020-11-13,0.00,0.00,0.00,0.00,0.00,0.00,1206.43
2020-11-14,0.00,0.00,0.00,0.00,0.00,0.00,606.72
2020-11-15,0.00,0.00,0.00,0.00,0.00,0.00,1373.52
2020-11-16,0.00,0.00,0.00,0.00,0.00,0.00,690.60
2020-11-17,0.00,0.00,0.00,0.00,0.00,0.00,657.49
2020-11-18,0.00,0.00,0.00,0.00,0.00,0.00,633.55
2020-11-19,0.00,0.00,0.00,0.00,0.00,0.00,451.61
2020-11-20,0.00,0.00,0.00,0.00,0.00,0.00,957.43
2020-11-21,0.00,0.00,0.00,0.00,0.00,0.00,811.69
2020-11-22,0.00,0.00,0.00,0.00,0.00,0.00,1009.29
2020-11-23,0.00,0.00,0.00,0.00,0.00,0.00,1117.38
2020-11-24,0.00,0.00,0.00,0.00,0.00,0.00,769.56
2020-11-25,0.00,0.00,0.00,0.00,0.00,0.00,973.48
2020-11-26,0.00,0.00,0.00,0.00,0.00,0.00,445.63
2020-11-27,0.00,0.00,0.00,0.00,0.00,0.00,531.65
2020-11-28,0.00,0.00,0.00,0.00,0.00,0.00,454.66
2020-11-29,0.00,0.00,0.00,0.00,0.00,0.00,1231.46
2020-11-30,0.00,0.00,0.00,0.00,0.00,0.00,763.60
2020-12-01,0.00,0.00,0.00,0.00,0.00,0.00,888.37
2020-12-02,0.00,0.00,0.00,0.00,0.00,0.00,1045.36
2020-12-03,0.00,0.00,0.00,0.00,0.00,0.00,1123.46
2020-12-04,0.00,0.00,0.00,0.00,0.00,0.00,937.64
2020-12-05,0.00,0.00,0.00,0.00,0.00,0.00,574.63
2020-12-06,0.00,0.00,0.00,0.00,0.00,0.00,596.63
2020-12-07,0.00,0.00,0.00,0.00,0.00,0.00,651.63
2020-12-08,0.00,0.00,0.00,0.00,0.00,0.00,754.45
2020-12-09,0.00,0.00,0.00,0.00,0.00,0.00,486.56
2020-12-10,0.00,0.00,0.00,0.00,0.00,0.00,851.50
2020-12-11,0.00,0.00,0.00,0.00,0.00,0.00,1008.40
2020-12-12,0.00,0.00,0.00,0.00,0.00,0.00,811.58
2020-12-13,0.00,0.00,0.00,0.00,0.00,0.00,1156.43
2020-12-14,0.00,0.00,0.00,0.00,0.00,0.00,845.58
2020-12-15,0.00,0.00,0.00,0.00,0.00,0.00,635.53
2020-12-16,0.00,0.00,0.00,0.00,0.00,0.00,514.76
2020-12-17,0.00,0.00,0.00,0.00,0.00,0.00,201.89
2020-12-18,0.00,0.00,0.00,0.00,0.00,0.00,1269.48
2020-12-19,0.00,0.00,0.00,0.00,0.00,0.00,936.52
2020-12-20,0.00,0.00,0.00,0.00,0.00,0.00,754.48
2020-12-21,0.00,0.00,0.00,0.00,0.00,0.00,973.54
2020-12-22,0.00,0.00,0.00,0.00,0.00,0.00,1043.50
2020-12-23,0.00,0.00,0.00,0.00,0.00,0.00,823.48
2020-12-24,0.00,0.00,0.00,0.00,0.00,0.00,991.65
2020-12-25,0.00,0.00,0.00,0.00,0.00,0.00,454.63
2020-12-26,0.00,0.00,0.00,0.00,0.00,0.00,679.76
2020-12-27,0.00,0.00,0.00,0.00,0.00,0.00,1490.38
2020-12-28,0.00,0.00,0.00,0.00,0.00,0.00,844.59
2020-12-29,0.00,0.00,0.00,0.00,0.00,0.00,466.56
2020-12-30,0.00,0.00,0.00,0.00,0.00,0.00,1043.49
2020-12-31,0.00,0.00,0.00,0.00,0.00,0.00,590.61
2021-01-01,0.00,0.00,0.00,0.00,0.00,0.00,1110.55
2021-01-02,0.00,0.00,0.00,0.00,0.00,0.00,1269.57
2021-01-03,0.00,0.00,0.00,0.00,0.00,0.00,888.41
2021-01-04,0.00,0.00,0.00,0.00,0.00,0.00,609.64
2021-01-05,0.00,0.00,0.00,0.00,0.00,0.00,281.59
2021-01-06,0.00,0.00,0.00,0.00,0.00,0.00,1350.40
2021-01-07,0.00,0.00,0.00,0.00,0.00,0.00,704.56
2021-01-08,0.00,0.00,0.00,0.00,0.00,0.00,962.45
2021-01-09,0.00,0.00,0.00,0.00,0.00,0.00,496.68
2021-01-10,0.00,0.00,0.00,0.00,0.00,0.00,756.56
2021-01-11,0.00,0.00,0.00,0.00,0.00,0.00,963.38
2021-01-12,0.00,0.00,0.00,0.00,0.00,0.00,903.32
2021-01-13,0.00,0.00,0.00,0.00,0.00,0.00,441.67
2021-01-14,0.00,0.00,0.00,0.00,0.00,0.00,304.84
2021-01-15,0.00,0.00,0.00,0.00,0.00,0.00,579.77
2021-01-16,0.00,0.00,0.00,0.00,0.00,0.00,411.74
2021-01-17,0.00,0.00,0.00,0.00,0.00,0.00,546.67
2021-01-18,0.00,0.00,0.00,0.00,0.00,0.00,608.62
2021-01-19,0.00,0.00,0.00,0.00,0.00,0.00,767.44
2021-01-20,0.00,0.00,0.00,0.00,0.00,0.00,616.63
2021-01-21,0.00,0.00,0.00,0.00,0.00,0.00,561.72
2021-01-22,0.00,0.00,0.00,0.00,0.00,0.00,551.61
2021-01-23,0.00,0.00,0.00,0.00,0.00,0.00,1024.63
2021-01-24,0.00,0.00,0.00,0.00,0.00,0.00,1569.38
2021-01-25,0.00,0.00,0.00,0.00,0.00,0.00,591.69
2021-01-26,0.00,0.00,0.00,0.00,0.00,0.00,625.59
2021-01-27,0.00,0.00,0.00,0.00,0.00,0.00,565.62
2021-01-28,0.00,0.00,0.00,0.00,0.00,0.00,416.68
2021-01-29,0.00,0.00,0.00,0.00,0.00,0.00,803.54
2021-01-30,0.00,0.00,0.00,0.00,0.00,0.00,515.64
2021-01-31,0.00,0.00,0.00,0.00,0.00,0.00,779.57
2021-02-01,0.00,0.00,0.00,0.00,0.00,0.00,1309.41
2021-02-02,0.00,0.00,0.00,0.00,0.00,0.00,560.61
2021-02-03,0.00,0.00,0.00,0.00,0.00,0.00,1196.54
2021-02-04,0.00,0.00,0.00,0.00,0.00,0.00,734.62
2021-02-05,0.00,0.00,0.00,0.00,0.00,0.00,704.56
2021-02-06,0.00,0.00,0.00,0.00,0.00,0.00,954.55
2021-02-07,0.00,0.00,0.00,0.00,0.00,0.00,811.66
2021-02-08,0.00,0.00,0.00,0.00,0.00,0.00,684.67
2021-02-09,0.00,0.00,0.00,0.00,0.00,0.00,638.48
2021-02-10,0.00,0.00,0.00,0.00,0.00,0.00,551.65
2021-02-11,0.00,0.00,0.00,0.00,0.00,0.00,796.61
2021-02-12,0.00,0.00,0.00,0.00,0.00,0.00,344.75
2021-02-13,0.00,0.00,0.00,0.00,0.00,0.00,901.48
2021-02-14,0.00,0.00,0.00,0.00,0.00,0.00,935.58
2021-02-15,0.00,0.00,0.00,0.00,0.00,0.00,1104.46
2021-02-16,0.00,0.00,0.00,0.00,0.00,0.00,1288.42
2021-02-17,0.00,0.00,0.00,0.00,0.00,0.00,469.60
2021-02-18,0.00,0.00,0.00,0.00,0.00,0.00,954.61
2021-02-19,0.00,0.00,0.00,0.00,0.00,0.00,744.55
2021-02-20,0.00,0.00,0.00,0.00,0.00,0.00,579.80
2021-02-21,0.00,0.00,0.00,0.00,0.00,0.00,1754.47
2021-02-22,0.00,0.00,0.00,0.00,0.00,0.00,794.71
2021-02-23,0.00,0.00,0.00,0.00,0.00,0.00,574.61
2021-02-24,0.00,0.00,0.00,0.00,0.00,0.00,319.76
2021-02-25,0.00,0.00,0.00,0.00,0.00,0.00,409.76
2021-02-26,0.00,0.00,0.00,0.00,0.00,0.00,731.50
2021-02-27,0.00,0.00,0.00,0.00,0.00,0.00,429.79
2021-02-28,0.00,0.00,0.00,0.00,0.00,0.00,744.56
2021-03-01,0.00,0.00,0.00,0.00,0.00,0.00,979.59
2021-03-02,0.00,0.00,0.00,0.00,0.00,0.00,469.63
2021-03-03,0.00,0.00,0.00,0.00,0.00,0.00,849.52
2021-03-04,0.00,0.00,0.00,0.00,0.00,0.00,413.66
2021-03-05,0.00,0.00,0.00,0.00,0.00,0.00,654.71
2021-03-06,0.00,0.00,0.00,0.00,0.00,0.00,715.74
2021-03-07,0.00,0.00,0.00,0.00,0.00,0.00,506.56
2021-03-08,0.00,0.00,0.00,0.00,0.00,0.00,991.68
2021-03-09,0.00,0.00,0.00,0.00,0.00,0.00,387.68
2021-03-10,0.00,0.00,0.00,0.00,0.00,0.00,336.69
2021-03-11,0.00,0.00,0.00,0.00,0.00,0.00,269.78
2021-03-12,0.00,0.00,0.00,0.00,0.00,0.00,228.73
2021-03-13,0.00,0.00,0.00,0.00,0.00,0.00,740.59
2021-03-14,0.00,0.00,0.00,0.00,0.00,0.00,851.66
2021-03-15,0.00,0.00,0.00,0.00,0.00,0.00,812.56
2021-03-16,0.00,0.00,0.00,0.00,0.00,0.00,329.75
2021-03-17,0.00,0.00,0.00,0.00,0.00,0.00,619.62
2021-03-18,0.00,0.00,0.00,0.00,0.00,0.00,272.76
2021-03-19,0.00,0.00,0.00,0.00,0.00,0.00,794.55
2021-03-20,0.00,0.00,0.00,0.00,0.00,0.00,199.80
2021-03-21,0.00,0.00,0.00,0.00,0.00,0.00,298.75
2021-03-22,0.00,0.00,0.00,0.00,0.00,0.00,1101.59
2021-03-23,0.00,0.00,0.00,0.00,0.00,0.00,442.63
2021-03-24,0.00,0.00,0.00,0.00,0.00,0.00,818.77
2021-03-25,0.00,0.00,0.00,0.00,0.00,0.00,615.68
2021-03-26,0.00,0.00,0.00,0.00,0.00,0.00,428.74
2021-03-27,0.00,0.00,0.00,0.00,0.00,0.00,474.69
2021-03-28,0.00,0.00,0.00,0.00,0.00,0.00,759.55
2021-03-29,0.00,0.00,0.00,0.00,0.00,0.00,1071.46
2021-03-30,0.00,0.00,0.00,0.00,0.00,0.00,577.58
2021-03-31,0.00,0.00,0.00,0.00,0.00,0.00,720.48
2021-04-01,0.00,0.00,0.00,0.00,0.00,0.00,628.61
2021-04-02,0.00,0.00,0.00,0.00,0.00,0.00,435.64
2021-04-03,0.00,0.00,0.00,0.00,0.00,0.00,821.52
2021-04-04,0.00,0.00,0.00,0.00,0.00,0.00,761.63
2021-04-05,0.00,0.00,0.00,0.00,0.00,0.00,718.55
2021-04-06,0.00,0.00,0.00,0.00,0.00,0.00,294.68
2021-04-07,0.00,0.00,0.00,0.00,0.00,0.00,453.72
2021-04-08,0.00,0.00,0.00,0.00,0.00,0.00,979.56
2021-04-09,0.00,0.00,0.00,0.00,0.00,0.00,396.70
2021-04-10,0.00,0.00,0.00,0.00,0.00,0.00,526.70
2021-04-11,0.00,0.00,0.00,0.00,0.00,0.00,955.49
2021-04-12,0.00,0.00,0.00,0.00,0.00,0.00,634.61
2021-04-13,0.00,0.00,0.00,0.00,0.00,0.00,703.67
2021-04-14,0.00,0.00,0.00,0.00,0.00,0.00,421.67
2021-04-15,0.00,0.00,0.00,0.00,0.00,0.00,199.82
2021-04-16,0.00,0.00,0.00,0.00,0.00,0.00,533.69
2021-04-17,0.00,0.00,0.00,0.00,0.00,0.00,264.84
2021-04-18,0.00,0.00,0.00,0.00,0.00,0.00,546.51
2021-04-19,0.00,0.00,0.00,0.00,0.00,0.00,876.62
2021-04-20,0.00,0.00,0.00,0.00,0.00,0.00,935.47
2021-04-21,0.00,0.00,0.00,0.00,0.00,0.00,474.61
2021-04-22,0.00,0.00,0.00,0.00,0.00,0.00,434.75
2021-04-23,0.00,0.00,0.00,0.00,0.00,0.00,1494.39
2021-04-24,0.00,0.00,0.00,0.00,0.00,0.00,714.59
2021-04-25,0.00,0.00,0.00,0.00,0.00,0.00,750.63
2021-04-26,0.00,0.00,0.00,0.00,0.00,0.00,691.56
2021-04-27,0.00,0.00,0.00,0.00,0.00,0.00,513.57
2021-04-28,0.00,0.00,0.00,0.00,0.00,0.00,974.53
2021-04-29,0.00,0.00,0.00,0.00,0.00,0.00,694.56
2021-04-30,0.00,0.00,0.00,0.00,0.00,0.00,481.62
2021-05-01,0.00,0.00,0.00,0.00,0.00,0.00,1148.48
2021-05-02,0.00,0.00,0.00,0.00,0.00,0.00,975.46
2021-05-03,0.00,0.00,0.00,0.00,0.00,0.00,546.65
2021-05-04,0.00,0.00,0.00,0.00,0.00,0.00,628.71
2021-05-05,0.00,0.00,0.00,0.00,0.00,0.00,624.58
2021-05-06,0.00,0.00,0.00,0.00,0.00,0.00,508.60
2021-05-07,0.00,0.00,0.00,0.00,0.00,0.00,554.70
2021-05-08,0.00,0.00,0.00,0.00,0.00,0.00,449.76
2021-05-09,0.00,0.00,0.00,0.00,0.00,0.00,639.61
2021-05-10,0.00,0.00,0.00,0.00,0.00,0.00,783.47
2021-05-11,0.00,0.00,0.00,0.00,0.00,0.00,1089.38
2021-05-12,0.00,0.00,0.00,0.00,0.00,0.00,429.57
2021-05-13,0.00,0.00,0.00,0.00,0.00,0.00,436.77
2021-05-14,0.00,0.00,0.00,0.00,0.00,0.00,581.73
2021-05-15,0.00,0.00,0.00,0.00,0.00,0.00,636.59
2021-05-16,0.00,0.00,0.00,0.00,0.00,0.00,930.59
2021-05-17,0.00,0.00,0.00,0.00,0.00,0.00,688.59
2021-05-18,0.00,0.00,0.00,0.00,0.00,0.00,240.70
2021-05-19,0.00,0.00,0.00,0.00,0.00,0.00,704.65
2021-05-20,0.00,0.00,0.00,0.00,0.00,0.00,539.64
2021-05-21,0.00,0.00,0.00,0.00,0.00,0.00,438.78
2021-05-22,0.00,0.00,0.00,0.00,0.00,0.00,426.75
2021-05-23,0.00,0.00,0.00,0.00,0.00,0.00,964.65
2021-05-24,0.00,0.00,0.00,0.00,0.00,0.00,379.76
2021-05-25,0.00,0.00,0.00,0.00,0.00,0.00,171.78
2021-05-26,0.00,0.00,0.00,0.00,0.00,0.00,808.55
2021-05-27,0.00,0.00,0.00,0.00,0.00,0.00,926.45
2021-05-28,0.00,0.00,0.00,0.00,0.00,0.00,733.59
2021-05-29,0.00,0.00,0.00,0.00,0.00,0.00,619.67
2021-05-30,0.00,0.00,0.00,0.00,0.00,0.00,1340.35
2021-05-31,0.00,0.00,0.00,0.00,0.00,0.00,1071.67
2021-06-01,0.00,0.00,0.00,0.00,0.00,0.00,1548.14
2021-06-02,0.00,0.00,0.00,0.00,0.00,0.00,899.57
2021-06-03,0.00,0.00,0.00,0.00,0.00,0.00,854.50
2021-06-04,0.00,0.00,0.00,0.00,0.00,0.00,559.71
2021-06-05,0.00,0.00,0.00,0.00,0.00,0.00,791.57
2021-06-06,0.00,0.00,0.00,0.00,0.00,0.00,1045.42
2021-06-07,0.00,0.00,0.00,0.00,0.00,0.00,1309.49
2021-06-08,0.00,0.00,0.00,0.00,0.00,0.00,1065.51
2021-06-09,0.00,0.00,0.00,0.00,0.00,0.00,596.72
2021-06-10,0.00,0.00,0.00,0.00,0.00,0.00,856.70
2021-06-11,0.00,0.00,0.00,0.00,0.00,0.00,957.55
2021-06-12,0.00,0.00,0.00,0.00,0.00,0.00,746.63
2021-06-13,0.00,0.00,0.00,0.00,0.00,0.00,1034.42
2021-06-14,0.00,0.00,0.00,0.00,0.00,0.00,607.73
2021-06-15,0.00,0.00,0.00,0.00,0.00,0.00,952.55
2021-06-16,0.00,0.00,0.00,0.00,0.00,0.00,263.75
2021-06-17,0.00,0.00,0.00,0.00,0.00,0.00,599.68
2021-06-18,0.00,0.00,0.00,0.00,0.00,0.00,461.72
2021-06-19,0.00,0.00,0.00,0.00,0.00,0.00,569.70
2021-06-20,0.00,0.00,0.00,0.00,0.00,0.00,691.63
2021-06-21,0.00,0.00,0.00,0.00,0.00,0.00,215.77
2021-06-22,0.00,0.00,0.00,0.00,0.00,0.00,652.65
2021-06-23,0.00,0.00,0.00,0.00,0.00,0.00,429.82
2021-06-24,0.00,0.00,0.00,0.00,0.00,0.00,566.75
2021-06-25,0.00,0.00,0.00,0.00,0.00,0.00,1013.56
2021-06-26,0.00,0.00,0.00,0.00,0.00,0.00,836.68
2021-06-27,0.00,0.00,0.00,0.00,0.00,0.00,1496.44
2021-06-28,0.00,0.00,0.00,0.00,0.00,0.00,881.46
2021-06-29,0.00,0.00,0.00,0.00,0.00,0.00,651.64
2021-06-30,0.00,0.00,0.00,0.00,0.00,0.00,1043.62
2021-07-01,0.00,0.00,0.00,0.00,0.00,0.00,1036.56
2021-07-02,0.00,0.00,0.00,0.00,0.00,0.00,203.77
2021-07-03,0.00,0.00,0.00,0.00,0.00,0.00,346.75
2021-07-04,0.00,0.00,0.00,0.00,0.00,0.00,644.71
2021-07-05,0.00,0.00,0.00,0.00,0.00,0.00,1159.60
2021-07-06,0.00,0.00,0.00,0.00,0.00,0.00,487.63
2021-07-07,0.00,0.00,0.00,0.00,0.00,0.00,603.66
2021-07-08,0.00,0.00,0.00,0.00,0.00,0.00,766.67
2021-07-09,0.00,0.00,0.00,0.00,0.00,0.00,518.70
2021-07-10,0.00,0.00,0.00,0.00,0.00,0.00,1512.57
2021-07-11,0.00,0.00,0.00,0.00,0.00,0.00,803.58
2021-07-12,0.00,0.00,0.00,0.00,0.00,0.00,729.82
2021-07-13,0.00,0.00,0.00,0.00,0.00,0.00,610.67
2021-07-14,0.00,0.00,0.00,0.00,0.00,0.00,726.62
2021-07-15,0.00,0.00,0.00,0.00,0.00,0.00,1587.42
2021-07-16,0.00,0.00,0.00,0.00,0.00,0.00,745.66
2021-07-17,0.00,0.00,0.00,0.00,0.00,0.00,673.63
2021-07-18,0.00,0.00,0.00,0.00,0.00,0.00,506.83
2021-07-19,0.00,0.00,0.00,0.00,0.00,0.00,911.64
2021-07-20,0.00,0.00,0.00,0.00,0.00,0.00,1550.47
2021-07-21,0.00,0.00,0.00,0.00,0.00,0.00,811.57
2021-07-22,0.00,0.00,0.00,0.00,0.00,0.00,570.61
2021-07-23,0.00,0.00,0.00,0.00,0.00,0.00,386.69
2021-07-24,0.00,0.00,0.00,0.00,0.00,0.00,319.74
2021-07-25,0.00,0.00,0.00,0.00,0.00,0.00,405.64
2021-07-26,0.00,0.00,0.00,0.00,0.00,0.00,574.81
2021-07-27,0.00,0.00,0.00,0.00,0.00,0.00,960.63
2021-07-28,0.00,0.00,0.00,0.00,0.00,0.00,584.54
2021-07-29,0.00,0.00,0.00,0.00,0.00,0.00,482.67
2021-07-30,0.00,0.00,0.00,0.00,0.00,0.00,777.54
2021-07-31,0.00,0.00,0.00,0.00,0.00,0.00,714.59
2021-08-01,0.00,0.00,0.00,0.00,0.00,0.00,625.70
2021-08-02,0.00,0.00,0.00,0.00,0.00,0.00,557.72
2021-08-03,0.00,0.00,0.00,0.00,0.00,0.00,341.69
2021-08-04,0.00,0.00,0.00,0.00,0.00,0.00,949.54
2021-08-05,0.00,0.00,0.00,0.00,0.00,0.00,1228.59
2021-08-06,0.00,0.00,0.00,0.00,0.00,0.00,586.62
2021-08-07,0.00,0.00,0.00,0.00,0.00,0.00,1765.41
2021-08-08,0.00,0.00,0.00,0.00,0.00,0.00,1134.54
2021-08-09,0.00,0.00,0.00,0.00,0.00,0.00,929.72
2021-08-10,0.00,0.00,0.00,0.00,0.00,0.00,1344.49
2021-08-11,0.00,0.00,0.00,0.00,0.00,0.00,259.83
2021-08-12,0.00,0.00,0.00,0.00,0.00,0.00,833.69
2021-08-13,0.00,0.00,0.00,0.00,0.00,0.00,546.78
2021-08-14,0.00,0.00,0.00,0.00,0.00,0.00,522.68
2021-08-15,0.00,0.00,0.00,0.00,0.00,0.00,361.78
2021-08-16,0.00,0.00,0.00,0.00,0.00,0.00,774.68
2021-08-17,0.00,0.00,0.00,0.00,0.00,0.00,301.68
2021-08-18,0.00,0.00,0.00,0.00,0.00,0.00,725.67
2021-08-19,0.00,0.00,0.00,0.00,0.00,0.00,719.65
2021-08-20,0.00,0.00,0.00,0.00,0.00,0.00,429.68
2021-08-21,0.00,0.00,0.00,0.00,0.00,0.00,361.76
2021-08-22,0.00,0.00,0.00,0.00,0.00,0.00,349.78
2021-08-23,0.00,0.00,0.00,0.00,0.00,0.00,293.83
2021-08-24,0.00,0.00,0.00,0.00,0.00,0.00,745.48
2021-08-25,0.00,0.00,0.00,0.00,0.00,0.00,469.76
2021-08-26,0.00,0.00,0.00,0.00,0.00,0.00,800.53
2021-08-27,0.00,0.00,0.00,0.00,0.00,0.00,228.70
2021-08-28,0.00,0.00,0.00,0.00,0.00,0.00,533.74
2021-08-29,0.00,0.00,0.00,0.00,0.00,0.00,708.73
2021-08-30,0.00,0.00,0.00,0.00,0.00,0.00,449.85
2021-08-31,0.00,0.00,0.00,0.00,0.00,0.00,353.74
2021-09-01,0.00,0.00,0.00,0.00,0.00,0.00,519.77
2021-09-02,0.00,0.00,0.00,0.00,0.00,0.00,738.79
2021-09-03,0.00,0.00,0.00,0.00,0.00,0.00,616.71
2021-09-04,0.00,0.00,0.00,0.00,0.00,0.00,486.79
2021-09-05,0.00,0.00,0.00,0.00,0.00,0.00,696.69
2021-09-06,0.00,0.00,0.00,0.00,0.00,0.00,1268.66
2021-09-07,0.00,0.00,0.00,0.00,0.00,0.00,427.58
2021-09-08,0.00,0.00,0.00,0.00,0.00,0.00,910.50
2021-09-09,0.00,0.00,0.00,0.00,0.00,0.00,553.66
2021-09-10,0.00,0.00,0.00,0.00,0.00,0.00,391.80
2021-09-11,0.00,0.00,0.00,0.00,0.00,0.00,229.86
2021-09-12,0.00,0.00,0.00,0.00,0.00,0.00,176.87
2021-09-13,0.00,0.00,0.00,0.00,0.00,0.00,730.67
2021-09-14,0.00,0.00,0.00,0.00,0.00,0.00,345.64
2021-09-15,0.00,0.00,0.00,0.00,0.00,0.00,593.68
2021-09-16,0.00,0.00,0.00,0.00,0.00,0.00,544.67
2021-09-17,0.00,0.00,0.00,0.00,0.00,0.00,674.66
2021-09-18,0.00,0.00,0.00,0.00,0.00,0.00,485.68
2021-09-19,0.00,0.00,0.00,0.00,0.00,0.00,765.62
2021-09-20,0.00,0.00,0.00,0.00,0.00,0.00,264.83
2021-09-21,0.00,0.00,0.00,0.00,0.00,0.00,862.70
2021-09-22,0.00,0.00,0.00,0.00,0.00,0.00,404.80
2021-09-23,0.00,0.00,0.00,0.00,0.00,0.00,206.85
2021-09-24,0.00,0.00,0.00,0.00,0.00,0.00,634.73
2021-09-25,0.00,0.00,0.00,0.00,0.00,0.00,491.78
2021-09-26,0.00,0.00,0.00,0.00,0.00,0.00,291.81
2021-09-27,0.00,0.00,0.00,0.00,0.00,0.00,464.67
2021-09-28,0.00,0.00,0.00,0.00,0.00,0.00,472.58
2021-09-29,0.00,0.00,0.00,0.00,0.00,0.00,828.46
2021-09-30,0.00,0.00,0.00,0.00,0.00,0.00,574.68
2021-10-01,0.00,0.00,0.00,0.00,0.00,0.00,374.73
2021-10-02,0.00,0.00,0.00,0.00,0.00,0.00,199.86
2021-10-03,0.00,0.00,0.00,0.00,0.00,0.00,436.72
2021-10-04,0.00,0.00,0.00,0.00,0.00,0.00,902.68
2021-10-05,0.00,0.00,0.00,0.00,0.00,0.00,663.65
2021-10-06,0.00,0.00,0.00,0.00,0.00,0.00,624.55
2021-10-07,0.00,0.00,0.00,0.00,0.00,0.00,302.80
2021-10-08,0.00,0.00,0.00,0.00,0.00,0.00,515.57
2021-10-09,0.00,0.00,0.00,0.00,0.00,0.00,234.87
2021-10-10,0.00,0.00,0.00,0.00,0.00,0.00,168.83
2021-10-11,0.00,0.00,0.00,0.00,0.00,0.00,214.85
2021-10-12,0.00,0.00,0.00,0.00,0.00,0.00,346.82
2021-10-13,0.00,0.00,0.00,0.00,0.00,0.00,611.68
2021-10-14,0.00,0.00,0.00,0.00,0.00,0.00,456.78
2021-10-15,0.00,0.00,0.00,0.00,0.00,0.00,627.62
2021-10-16,0.00,0.00,0.00,0.00,0.00,0.00,683.77
2021-10-17,0.00,0.00,0.00,0.00,0.00,0.00,1056.64
2021-10-18,0.00,0.00,0.00,0.00,0.00,0.00,611.75
2021-10-19,0.00,0.00,0.00,0.00,0.00,0.00,661.47
2021-10-20,0.00,0.00,0.00,0.00,0.00,0.00,309.78
2021-10-21,0.00,0.00,0.00,0.00,0.00,0.00,119.92
2021-10-22,0.00,0.00,0.00,0.00,0.00,0.00,164.82
2021-10-23,0.00,0.00,0.00,0.00,0.00,0.00,789.79
2021-10-24,0.00,0.00,0.00,0.00,0.00,0.00,614.71
2021-10-25,0.00,0.00,0.00,0.00,0.00,0.00,932.48
2021-10-26,0.00,0.00,0.00,0.00,0.00,0.00,635.75
2021-10-27,0.00,0.00,0.00,0.00,0.00,0.00,568.74
2021-10-28,0.00,0.00,0.00,0.00,0.00,0.00,743.69
2021-10-29,0.00,0.00,0.00,0.00,0.00,0.00,518.67
2021-10-30,0.00,0.00,0.00,0.00,0.00,0.00,364.91
2021-10-31,0.00,0.00,0.00,0.00,0.00,0.00,519.75
2021-11-01,0.00,0.00,0.00,0.00,0.00,0.00,1792.58
2021-11-02,0.00,0.00,0.00,0.00,0.00,0.00,753.57
2021-11-03,0.00,0.00,0.00,0.00,0.00,0.00,419.78
2021-11-04,0.00,0.00,0.00,0.00,0.00,0.00,634.76
2021-11-05,0.00,0.00,0.00,0.00,0.00,0.00,294.84
2021-11-06,0.00,0.00,0.00,0.00,0.00,0.00,1076.67
2021-11-07,0.00,0.00,0.00,0.00,0.00,0.00,794.69
2021-11-08,0.00,0.00,0.00,0.00,0.00,0.00,1056.59
2021-11-09,0.00,0.00,0.00,0.00,0.00,0.00,622.77
2021-11-10,0.00,0.00,0.00,0.00,0.00,0.00,649.83
2021-11-11,0.00,0.00,0.00,0.00,0.00,0.00,409.81
2021-11-12,0.00,0.00,0.00,0.00,0.00,0.00,591.77
2021-11-13,0.00,0.00,0.00,0.00,0.00,0.00,464.72
2021-11-14,0.00,0.00,0.00,0.00,0.00,0.00,919.72
2021-11-15,0.00,0.00,0.00,0.00,0.00,0.00,759.82
2021-11-16,0.00,0.00,0.00,0.00,0.00,0.00,737.63
2021-11-17,0.00,0.00,0.00,0.00,0.00,0.00,724.74
2021-11-18,0.00,0.00,0.00,0.00,0.00,0.00,659.71
2021-11-19,0.00,0.00,0.00,0.00,0.00,0.00,49.94
2021-11-20,0.00,0.00,0.00,0.00,0.00,0.00,279.82
2021-11-21,0.00,0.00,0.00,0.00,0.00,0.00,291.76
2021-11-22,0.00,0.00,0.00,0.00,0.00,0.00,466.64
2021-11-23,0.00,0.00,0.00,0.00,0.00,0.00,969.49
2021-11-24,0.00,0.00,0.00,0.00,0.00,0.00,309.82
2021-11-25,0.00,0.00,0.00,0.00,0.00,0.00,279.85
2021-11-26,0.00,0.00,0.00,0.00,0.00,0.00,184.90
2021-11-27,0.00,0.00,0.00,0.00,0.00,0.00,737.72
2021-11-28,0.00,0.00,0.00,0.00,0.00,0.00,751.73
2021-11-29,0.00,0.00,0.00,0.00,0.00,0.00,489.78
2021-11-30,0.00,0.00,0.00,0.00,0.00,0.00,477.81
2021-12-01,0.00,0.00,0.00,0.00,0.00,0.00,346.77
2021-12-02,0.00,0.00,0.00,0.00,0.00,0.00,369.79
2021-12-03,0.00,0.00,0.00,0.00,0.00,0.00,489.81
2021-12-04,0.00,0.00,0.00,0.00,0.00,0.00,716.77
2021-12-05,0.00,0.00,0.00,0.00,0.00,0.00,821.71
2021-12-06,0.00,0.00,0.00,0.00,0.00,0.00,236.83
2021-12-07,0.00,0.00,0.00,0.00,0.00,0.00,627.59
2021-12-08,0.00,0.00,0.00,0.00,0.00,0.00,960.65
2021-12-09,0.00,0.00,0.00,0.00,0.00,0.00,229.90
2021-12-10,0.00,0.00,0.00,0.00,0.00,0.00,363.78
2021-12-11,0.00,0.00,0.00,0.00,0.00,0.00,599.80
2021-12-12,0.00,0.00,0.00,0.00,0.00,0.00,341.86
2021-12-13,0.00,0.00,0.00,0.00,0.00,0.00,711.79
2021-12-14,0.00,0.00,0.00,0.00,0.00,0.00,196.76
2021-12-15,0.00,0.00,0.00,0.00,0.00,0.00,360.73
2021-12-16,0.00,0.00,0.00,0.00,0.00,0.00,286.87
2021-12-17,0.00,0.00,0.00,0.00,0.00,0.00,236.85
2021-12-18,0.00,0.00,0.00,0.00,0.00,0.00,457.77
2021-12-19,0.00,0.00,0.00,0.00,0.00,0.00,186.89
2021-12-20,0.00,0.00,0.00,0.00,0.00,0.00,448.77
2021-12-21,0.00,0.00,0.00,0.00,0.00,0.00,294.86
2021-12-22,0.00,0.00,0.00,0.00,0.00,0.00,633.70
2021-12-23,0.00,0.00,0.00,0.00,0.00,0.00,264.79
2021-12-24,0.00,0.00,0.00,0.00,0.00,0.00,623.73
2021-12-25,0.00,0.00,0.00,0.00,0.00,0.00,574.75
2021-12-26,0.00,0.00,0.00,0.00,0.00,0.00,499.81
2021-12-27,0.00,0.00,0.00,0.00,0.00,0.00,616.69
2021-12-28,0.00,0.00,0.00,0.00,0.00,0.00,364.74
2021-12-29,0.00,0.00,0.00,0.00,0.00,0.00,129.87
2021-12-30,0.00,0.00,0.00,0.00,0.00,0.00,494.77
2021-12-31,0.00,0.00,0.00,0.00,0.00,0.00,431.77
2022-01-01,0.00,0.00,0.00,0.00,0.00,0.00,536.66
2022-01-02,0.00,0.00,0.00,0.00,0.00,0.00,516.76
2022-01-03,0.00,0.00,0.00,0.00,0.00,0.00,374.83
2022-01-04,0.00,0.00,0.00,0.00,0.00,0.00,592.72
2022-01-05,0.00,0.00,0.00,0.00,0.00,0.00,589.77
2022-01-06,0.00,0.00,0.00,0.00,0.00,0.00,592.72
2022-01-07,0.00,0.00,0.00,0.00,0.00,0.00,589.77
2022-01-08,0.00,0.00,0.00,0.00,0.00,0.00,524.72
2022-01-09,0.00,0.00,0.00,0.00,0.00,0.00,259.85
2022-01-10,0.00,0.00,0.00,0.00,0.00,0.00,395.76
2022-01-11,0.00,0.00,0.00,0.00,0.00,0.00,542.56
2022-01-12,0.00,0.00,0.00,0.00,0.00,0.00,433.80
2022-01-13,0.00,0.00,0.00,0.00,0.00,0.00,306.86
2022-01-14,0.00,0.00,0.00,0.00,0.00,0.00,285.70
2022-01-15,0.00,0.00,0.00,0.00,0.00,0.00,434.82
2022-01-16,0.00,0.00,0.00,0.00,0.00,0.00,226.87
2022-01-17,0.00,0.00,0.00,0.00,0.00,0.00,319.77
2022-01-18,0.00,0.00,0.00,0.00,0.00,0.00,431.69
2022-01-19,0.00,0.00,0.00,0.00,0.00,0.00,636.73
2022-01-20,0.00,0.00,0.00,0.00,0.00,0.00,349.76
2022-01-21,0.00,0.00,0.00,0.00,0.00,0.00,119.89
2022-01-22,0.00,0.00,0.00,0.00,0.00,0.00,339.83
2022-01-23,0.00,0.00,0.00,0.00,0.00,0.00,1259.65
2022-01-24,0.00,0.00,0.00,0.00,0.00,0.00,269.81
2022-01-25,0.00,0.00,0.00,0.00,0.00,0.00,450.70
2022-01-26,0.00,0.00,0.00,0.00,0.00,0.00,499.67
2022-01-27,0.00,0.00,0.00,0.00,0.00,0.00,194.86
2022-01-28,0.00,0.00,0.00,0.00,0.00,0.00,214.85
2022-01-29,0.00,0.00,0.00,0.00,0.00,0.00,284.83
2022-01-30,0.00,0.00,0.00,0.00,0.00,0.00,356.70
2022-01-31,0.00,0.00,0.00,0.00,0.00,0.00,201.80
2022-02-01,0.00,0.00,0.00,0.00,0.00,0.00,185.80
2022-02-02,0.00,0.00,0.00,0.00,0.00,0.00,384.80
2022-02-03,0.00,0.00,0.00,0.00,0.00,0.00,418.74
2022-02-04,0.00,0.00,0.00,0.00,0.00,0.00,481.72
2022-02-05,0.00,0.00,0.00,0.00,0.00,0.00,283.87
2022-02-06,0.00,0.00,0.00,0.00,0.00,0.00,254.81
2022-02-07,0.00,0.00,0.00,0.00,0.00,0.00,281.82
2022-02-08,0.00,0.00,0.00,0.00,0.00,0.00,354.79
2022-02-09,0.00,0.00,0.00,0.00,0.00,0.00,194.82
2022-02-10,0.00,0.00,0.00,0.00,0.00,0.00,144.85
2022-02-11,0.00,0.00,0.00,0.00,0.00,0.00,169.83
2022-02-12,0.00,0.00,0.00,0.00,0.00,0.00,93.89
2022-02-13,0.00,0.00,0.00,0.00,0.00,0.00,463.68
2022-02-14,0.00,0.00,0.00,0.00,0.00,0.00,668.69
2022-02-15,0.00,0.00,0.00,0.00,0.00,0.00,271.69
2022-02-16,0.00,0.00,0.00,0.00,0.00,0.00,431.75
2022-02-17,0.00,0.00,0.00,0.00,0.00,0.00,124.87
2022-02-18,0.00,0.00,0.00,0.00,0.00,0.00,273.81
2022-02-19,0.00,0.00,0.00,0.00,0.00,0.00,309.83
2022-02-20,0.00,0.00,0.00,0.00,0.00,0.00,264.83
2022-02-21,0.00,0.00,0.00,0.00,0.00,0.00,303.83
2022-02-22,0.00,0.00,0.00,0.00,0.00,0.00,603.57
2022-02-23,0.00,0.00,0.00,0.00,0.00,0.00,154.87
2022-02-24,0.00,0.00,0.00,0.00,0.00,0.00,141.88
2022-02-25,0.00,0.00,0.00,0.00,0.00,0.00,406.74
2022-02-26,0.00,0.00,0.00,0.00,0.00,0.00,409.73
2022-02-27,0.00,0.00,0.00,0.00,0.00,0.00,409.83
2022-02-28,0.00,0.00,0.00,0.00,0.00,0.00,419.77
2022-03-01,0.00,0.00,0.00,0.00,0.00,0.00,507.77
2022-03-02,0.00,0.00,0.00,0.00,0.00,0.00,284.77
2022-03-03,0.00,0.00,0.00,0.00,0.00,0.00,384.83
2022-03-04,0.00,0.00,0.00,0.00,0.00,0.00,739.77
2022-03-05,0.00,0.00,0.00,0.00,0.00,0.00,214.84
2022-03-06,0.00,0.00,0.00,0.00,0.00,0.00,626.69
2022-03-07,0.00,0.00,0.00,0.00,0.00,0.00,415.72
2022-03-08,0.00,0.00,0.00,0.00,0.00,0.00,1029.60
2022-03-09,0.00,0.00,0.00,0.00,0.00,0.00,254.84
2022-03-10,0.00,0.00,0.00,0.00,0.00,0.00,134.92
2022-03-11,0.00,0.00,0.00,0.00,0.00,0.00,321.88
2022-03-12,0.00,0.00,0.00,0.00,0.00,0.00,361.79
2022-03-13,0.00,0.00,0.00,0.00,0.00,0.00,674.71
2022-03-14,0.00,0.00,0.00,0.00,0.00,0.00,354.83
2022-03-15,0.00,0.00,0.00,0.00,0.00,0.00,767.60
2022-03-16,0.00,0.00,0.00,0.00,0.00,0.00,264.87
2022-03-17,0.00,0.00,0.00,0.00,0.00,0.00,380.78
2022-03-18,0.00,0.00,0.00,0.00,0.00,0.00,699.80
2022-03-19,0.00,0.00,0.00,0.00,0.00,0.00,291.88
2022-03-20,0.00,0.00,0.00,0.00,0.00,0.00,248.88
2022-03-21,0.00,0.00,0.00,0.00,0.00,0.00,203.92
2022-03-22,0.00,0.00,0.00,0.00,0.00,0.00,917.63
2022-03-23,0.00,0.00,0.00,0.00,0.00,0.00,266.83
2022-03-24,0.00,0.00,0.00,0.00,0.00,0.00,303.88
2022-03-25,0.00,0.00,0.00,0.00,0.00,0.00,519.73
2022-03-26,0.00,0.00,0.00,0.00,0.00,0.00,244.90
2022-03-27,0.00,0.00,0.00,0.00,0.00,0.00,293.85
2022-03-28,0.00,0.00,0.00,0.00,0.00,0.00,879.63
2022-03-29,0.00,0.00,0.00,0.00,0.00,0.00,509.63
2022-03-30,0.00,0.00,0.00,0.00,0.00,0.00,264.87
2022-03-31,0.00,0.00,0.00,0.00,0.00,0.00,316.82
2022-04-01,0.00,0.00,0.00,0.00,0.00,0.00,248.80
2022-04-02,0.00,0.00,0.00,0.00,0.00,0.00,366.78
2022-04-03,0.00,0.00,0.00,0.00,0.00,0.00,549.77
2022-04-04,0.00,0.00,0.00,0.00,0.00,0.00,666.75
2022-04-05,0.00,0.00,0.00,0.00,0.00,0.00,365.78
2022-04-06,0.00,0.00,0.00,0.00,0.00,0.00,119.89
2022-04-07,0.00,0.00,0.00,0.00,0.00,0.00,236.86
2022-04-08,0.00,0.00,0.00,0.00,0.00,0.00,512.83
2022-04-09,0.00,0.00,0.00,0.00,0.00,0.00,194.85
2022-04-10,0.00,0.00,0.00,0.00,0.00,0.00,229.85
2022-04-11,0.00,0.00,0.00,0.00,0.00,0.00,324.91
2022-04-12,0.00,0.00,0.00,0.00,0.00,0.00,207.82
2022-04-13,0.00,0.00,0.00,0.00,0.00,0.00,286.83
2022-04-14,0.00,0.00,0.00,0.00,0.00,0.00,286.83
2022-04-15,0.00,0.00,0.00,0.00,0.00,0.00,674.84
2022-04-16,0.00,0.00,0.00,0.00,0.00,0.00,324.87
2022-04-17,0.00,0.00,0.00,0.00,0.00,0.00,344.78
2022-04-18,0.00,0.00,0.00,0.00,0.00,0.00,304.88
2022-04-19,0.00,0.00,0.00,0.00,0.00,0.00,251.77
2022-04-20,0.00,0.00,0.00,0.00,0.00,0.00,421.79
2022-04-21,0.00,0.00,0.00,0.00,0.00,0.00,366.84
2022-04-22,0.00,0.00,0.00,0.00,0.00,0.00,796.76
2022-04-23,0.00,0.00,0.00,0.00,0.00,0.00,559.71
2022-04-24,0.00,0.00,0.00,0.00,0.00,0.00,546.70
2022-04-25,0.00,0.00,0.00,0.00,0.00,0.00,616.80
2022-04-26,0.00,0.00,0.00,0.00,0.00,0.00,227.71
2022-04-27,0.00,0.00,0.00,0.00,0.00,0.00,384.74
2022-04-28,0.00,0.00,0.00,0.00,0.00,0.00,434.84
2022-04-29,0.00,0.00,0.00,0.00,0.00,0.00,194.89
2022-04-30,0.00,0.00,0.00,0.00,0.00,0.00,191.80
2022-05-01,0.00,0.00,0.00,0.00,0.00,0.00,1384.64
2022-05-02,0.00,0.00,0.00,0.00,0.00,0.00,1114.69
2022-05-03,0.00,0.00,0.00,0.00,0.00,0.00,821.69
2022-05-04,0.00,0.00,0.00,0.00,0.00,0.00,494.78
2022-05-05,0.00,0.00,0.00,0.00,0.00,0.00,236.82
2022-05-06,0.00,0.00,0.00,0.00,0.00,0.00,326.79
2022-05-07,0.00,0.00,0.00,0.00,0.00,0.00,474.81
2022-05-08,0.00,0.00,0.00,0.00,0.00,0.00,134.91
2022-05-09,0.00,0.00,0.00,0.00,0.00,0.00,233.74
2022-05-10,0.00,0.00,0.00,0.00,0.00,0.00,219.79
2022-05-11,0.00,0.00,0.00,0.00,0.00,0.00,291.78
2022-05-12,0.00,0.00,0.00,0.00,0.00,0.00,428.75
2022-05-13,0.00,0.00,0.00,0.00,0.00,0.00,654.73
2022-05-14,0.00,0.00,0.00,0.00,0.00,0.00,829.64
2022-05-15,0.00,0.00,0.00,0.00,0.00,0.00,181.78
2022-05-16,0.00,0.00,0.00,0.00,0.00,0.00,534.78
2022-05-17,0.00,0.00,0.00,0.00,0.00,0.00,512.66
2022-05-18,0.00,0.00,0.00,0.00,0.00,0.00,219.77
2022-05-19,0.00,0.00,0.00,0.00,0.00,0.00,224.90
2022-05-20,0.00,0.00,0.00,0.00,0.00,0.00,174.88
2022-05-21,0.00,0.00,0.00,0.00,0.00,0.00,419.84
2022-05-22,0.00,0.00,0.00,0.00,0.00,0.00,379.80
2022-05-23,0.00,0.00,0.00,0.00,0.00,0.00,369.84
2022-05-24,0.00,0.00,0.00,0.00,0.00,0.00,392.75
2022-05-25,0.00,0.00,0.00,0.00,0.00,0.00,118.83
2022-05-26,0.00,0.00,0.00,0.00,0.00,0.00,579.85
2022-05-27,0.00,0.00,0.00,0.00,0.00,0.00,491.71
2022-05-28,0.00,0.00,0.00,0.00,0.00,0.00,149.95
2022-05-29,0.00,0.00,0.00,0.00,0.00,0.00,326.85
2022-05-30,0.00,0.00,0.00,0.00,0.00,0.00,666.77
2022-05-31,0.00,0.00,0.00,0.00,0.00,0.00,757.69
2022-06-01,0.00,0.00,0.00,0.00,0.00,0.00,724.58
2022-06-02,0.00,0.00,0.00,0.00,0.00,0.00,696.69
2022-06-03,0.00,0.00,0.00,0.00,0.00,0.00,451.73
2022-06-04,0.00,0.00,0.00,0.00,0.00,0.00,390.76
2022-06-05,0.00,0.00,0.00,0.00,0.00,0.00,1444.43
2022-06-06,0.00,0.00,0.00,0.00,0.00,0.00,756.66
2022-06-07,0.00,0.00,0.00,0.00,0.00,0.00,575.74
2022-06-08,0.00,0.00,0.00,0.00,0.00,0.00,286.81
2022-06-09,0.00,0.00,0.00,0.00,0.00,0.00,256.88
2022-06-10,0.00,0.00,0.00,0.00,0.00,0.00,476.79
2022-06-11,0.00,0.00,0.00,0.00,0.00,0.00,199.82
2022-06-12,0.00,0.00,0.00,0.00,0.00,0.00,411.76
2022-06-13,0.00,0.00,0.00,0.00,0.00,0.00,441.75
2022-06-14,0.00,0.00,0.00,0.00,0.00,0.00,199.82
2022-06-15,0.00,0.00,0.00,0.00,0.00,0.00,411.76
2022-06-16,0.00,0.00,0.00,0.00,0.00,0.00,484.75
2022-06-17,0.00,0.00,0.00,0.00,0.00,0.00,284.86
2022-06-18,0.00,0.00,0.00,0.00,0.00,0.00,176.92
2022-06-19,0.00,0.00,0.00,0.00,0.00,0.00,506.78
2022-06-20,0.00,0.00,0.00,0.00,0.00,0.00,471.76
2022-06-21,0.00,0.00,0.00,0.00,0.00,0.00,283.82
2022-06-22,0.00,0.00,0.00,0.00,0.00,0.00,509.73
2022-06-23,0.00,0.00,0.00,0.00,0.00,0.00,431.74
2022-06-24,0.00,0.00,0.00,0.00,0.00,0.00,506.80
2022-06-25,0.00,0.00,0.00,0.00,0.00,0.00,474.80
2022-06-26,0.00,0.00,0.00,0.00,0.00,0.00,176.87
2022-06-27,0.00,0.00,0.00,0.00,0.00,0.00,603.66
2022-06-28,0.00,0.00,0.00,0.00,0.00,0.00,391.70
2022-06-29,0.00,0.00,0.00,0.00,0.00,0.00,338.86
2022-06-30,0.00,0.00,0.00,0.00,0.00,0.00,313.77
2022-07-01,0.00,0.00,0.00,0.00,0.00,0.00,424.81
2022-07-02,0.00,0.00,0.00,0.00,0.00,0.00,194.91
2022-07-03,0.00,0.00,0.00,0.00,0.00,0.00,116.88
2022-07-04,0.00,0.00,0.00,0.00,0.00,0.00,445.87
2022-07-05,0.00,0.00,0.00,0.00,0.00,0.00,194.82
2022-07-06,0.00,0.00,0.00,0.00,0.00,0.00,589.78
2022-07-07,0.00,0.00,0.00,0.00,0.00,0.00,309.86
2022-07-08,0.00,0.00,0.00,0.00,0.00,0.00,70.88
2022-07-09,0.00,0.00,0.00,0.00,0.00,0.00,74.92
2022-07-10,0.00,0.00,0.00,0.00,0.00,0.00,179.88
2022-07-11,0.00,0.00,0.00,0.00,0.00,0.00,216.81
2022-07-12,0.00,0.00,0.00,0.00,0.00,0.00,238.77
2022-07-13,0.00,0.00,0.00,0.00,0.00,0.00,259.83
2022-07-14,0.00,0.00,0.00,0.00,0.00,0.00,538.83
2022-07-15,0.00,0.00,0.00,0.00,0.00,0.00,319.89
2022-07-16,0.00,0.00,0.00,0.00,0.00,0.00,199.81
2022-07-17,0.00,0.00,0.00,0.00,0.00,0.00,184.88
2022-07-18,0.00,0.00,0.00,0.00,0.00,0.00,179.92
2022-07-19,0.00,0.00,0.00,0.00,0.00,0.00,142.92
2022-07-20,0.00,0.00,0.00,0.00,0.00,0.00,206.85
2022-07-21,0.00,0.00,0.00,0.00,0.00,0.00,426.83
2022-07-22,0.00,0.00,0.00,0.00,0.00,0.00,274.87
2022-07-23,0.00,0.00,0.00,0.00,0.00,0.00,281.86
2022-07-24,0.00,0.00,0.00,0.00,0.00,0.00,626.82
2022-07-25,0.00,0.00,0.00,0.00,0.00,0.00,169.90
2022-07-26,0.00,0.00,0.00,0.00,0.00,0.00,161.80
2022-07-27,0.00,0.00,0.00,0.00,0.00,0.00,226.86
2022-07-28,0.00,0.00,0.00,0.00,0.00,0.00,319.93
2022-07-29,0.00,0.00,0.00,0.00,0.00,0.00,414.88
2022-07-30,0.00,0.00,0.00,0.00,0.00,0.00,284.84
2022-07-31,0.00,0.00,0.00,0.00,0.00,0.00,144.91
2022-08-01,0.00,0.00,0.00,0.00,0.00,0.00,993.62
2022-08-02,0.00,0.00,0.00,0.00,0.00,0.00,249.78
2022-08-03,0.00,0.00,0.00,0.00,0.00,0.00,904.73
2022-08-04,0.00,0.00,0.00,0.00,0.00,0.00,528.77
2022-08-05,0.00,0.00,0.00,0.00,0.00,0.00,549.75
2022-08-06,0.00,0.00,0.00,0.00,0.00,0.00,134.86
2022-08-07,0.00,0.00,0.00,0.00,0.00,0.00,704.79
2022-08-08,0.00,0.00,0.00,0.00,0.00,0.00,181.85
2022-08-09,0.00,0.00,0.00,0.00,0.00,0.00,261.82
2022-08-10,0.00,0.00,0.00,0.00,0.00,0.00,416.89
2022-08-11,0.00,0.00,0.00,0.00,0.00,0.00,204.95
2022-08-12,0.00,0.00,0.00,0.00,0.00,0.00,424.84
2022-08-13,0.00,0.00,0.00,0.00,0.00,0.00,286.84
2022-08-14,0.00,0.00,0.00,0.00,0.00,0.00,651.70
2022-08-15,0.00,0.00,0.00,0.00,0.00,0.00,566.79
2022-08-16,0.00,0.00,0.00,0.00,0.00,0.00,339.78
2022-08-17,0.00,0.00,0.00,0.00,0.00,0.00,274.80
2022-08-18,0.00,0.00,0.00,0.00,0.00,0.00,254.84
2022-08-19,0.00,0.00,0.00,0.00,0.00,0.00,579.68
2022-08-20,0.00,0.00,0.00,0.00,0.00,0.00,511.78
2022-08-21,0.00,0.00,0.00,0.00,0.00,0.00,354.87
2022-08-22,0.00,0.00,0.00,0.00,0.00,0.00,439.81
2022-08-23,0.00,0.00,0.00,0.00,0.00,0.00,614.62
2022-08-24,0.00,0.00,0.00,0.00,0.00,0.00,671.73
2022-08-25,0.00,0.00,0.00,0.00,0.00,0.00,134.95
2022-08-26,0.00,0.00,0.00,0.00,0.00,0.00,239.94
2022-08-27,0.00,0.00,0.00,0.00,0.00,0.00,369.84
2022-08-28,0.00,0.00,0.00,0.00,0.00,0.00,144.88
2022-08-29,0.00,0.00,0.00,0.00,0.00,0.00,210.84
2022-08-30,0.00,0.00,0.00,0.00,0.00,0.00,429.71
2022-08-31,0.00,0.00,0.00,0.00,0.00,0.00,324.86
2022-09-01,0.00,0.00,0.00,0.00,0.00,0.00,264.84
2022-09-02,0.00,0.00,0.00,0.00,0.00,0.00,376.82
2022-09-03,0.00,0.00,0.00,0.00,0.00,0.00,98.85
2022-09-04,0.00,0.00,0.00,0.00,0.00,0.00,193.87
2022-09-05,0.00,0.00,0.00,0.00,0.00,0.00,149.91
2022-09-06,0.00,0.00,0.00,0.00,0.00,0.00,316.79
2022-09-07,0.00,0.00,0.00,0.00,0.00,0.00,119.88
2022-09-08,0.00,0.00,0.00,0.00,0.00,0.00,849.75
2022-09-09,0.00,0.00,0.00,0.00,0.00,0.00,184.84
2022-09-10,0.00,0.00,0.00,0.00,0.00,0.00,359.86
2022-09-11,0.00,0.00,0.00,0.00,0.00,0.00,560.72
2022-09-12,0.00,0.00,0.00,0.00,0.00,0.00,170.84
2022-09-13,0.00,0.00,0.00,0.00,0.00,0.00,402.75
2022-09-14,0.00,0.00,0.00,0.00,0.00,0.00,821.74
2022-09-15,0.00,0.00,0.00,0.00,0.00,0.00,293.87
2022-09-16,0.00,0.00,0.00,0.00,0.00,0.00,134.90
2022-09-17,0.00,0.00,0.00,0.00,0.00,0.00,169.86
2022-09-18,0.00,0.00,0.00,0.00,0.00,0.00,174.89
2022-09-19,0.00,0.00,0.00,0.00,0.00,0.00,129.95
2022-09-20,0.00,0.00,0.00,0.00,0.00,0.00,329.79
2022-09-21,0.00,0.00,0.00,0.00,0.00,0.00,199.89
2022-09-22,0.00,0.00,0.00,0.00,0.00,0.00,444.89
2022-09-23,0.00,0.00,0.00,0.00,0.00,0.00,183.79
2022-09-24,0.00,0.00,0.00,0.00,0.00,0.00,174.91
2022-09-25,0.00,0.00,0.00,0.00,0.00,0.00,29.95
2022-09-26,0.00,0.00,0.00,0.00,0.00,0.00,38.95
2022-09-27,0.00,0.00,0.00,0.00,0.00,0.00,318.77
2022-09-28,0.00,0.00,0.00,0.00,0.00,0.00,266.84
2022-09-29,0.00,0.00,0.00,0.00,0.00,0.00,324.90
2022-09-30,0.00,0.00,0.00,0.00,0.00,0.00,474.86
2022-10-01,0.00,0.00,0.00,0.00,0.00,0.00,579.83
2022-10-02,0.00,0.00,0.00,0.00,0.00,0.00,1206.64
2022-10-03,0.00,0.00,0.00,0.00,0.00,0.00,349.85
2022-10-04,0.00,0.00,0.00,0.00,0.00,0.00,472.66
2022-10-05,0.00,0.00,0.00,0.00,0.00,0.00,199.88
2022-10-06,0.00,0.00,0.00,0.00,0.00,0.00,29.94
2022-10-07,0.00,0.00,0.00,0.00,0.00,0.00,256.82
2022-10-08,0.00,0.00,0.00,0.00,0.00,0.00,184.87
2022-10-09,0.00,0.00,0.00,0.00,0.00,0.00,214.86
2022-10-10,0.00,0.00,0.00,0.00,0.00,0.00,154.89
2022-10-11,0.00,0.00,0.00,0.00,0.00,0.00,266.76
2022-10-12,0.00,0.00,0.00,0.00,0.00,0.00,463.75
2022-10-13,0.00,0.00,0.00,0.00,0.00,0.00,396.85
2022-10-14,0.00,0.00,0.00,0.00,0.00,0.00,80.86
2022-10-15,0.00,0.00,0.00,0.00,0.00,0.00,239.86
2022-10-16,0.00,0.00,0.00,0.00,0.00,0.00,39.95
2022-10-17,0.00,0.00,0.00,0.00,0.00,0.00,74.97
2022-10-18,0.00,0.00,0.00,0.00,0.00,0.00,267.78
2022-10-19,0.00,0.00,0.00,0.00,0.00,0.00,54.98
2022-10-20,0.00,0.00,0.00,0.00,0.00,0.00,254.92
2022-10-21,0.00,0.00,0.00,0.00,0.00,0.00,224.93
2022-10-22,0.00,0.00,0.00,0.00,0.00,0.00,94.92
2022-10-23,0.00,0.00,0.00,0.00,0.00,0.00,194.85
2022-10-24,0.00,0.00,0.00,0.00,0.00,0.00,139.90
2022-10-25,0.00,0.00,0.00,0.00,0.00,0.00,199.77
2022-10-26,0.00,0.00,0.00,0.00,0.00,0.00,186.92
2022-10-27,0.00,0.00,0.00,0.00,0.00,0.00,69.93
2022-10-28,0.00,0.00,0.00,0.00,0.00,0.00,54.93
2022-10-29,0.00,0.00,0.00,0.00,0.00,0.00,271.87
2022-10-30,0.00,0.00,0.00,0.00,0.00,0.00,108.87
2022-10-31,0.00,0.00,0.00,0.00,0.00,0.00,116.94
2022-11-01,0.00,0.00,0.00,0.00,0.00,0.00,266.78
2022-11-02,0.00,0.00,0.00,0.00,0.00,0.00,64.90
2022-11-03,0.00,0.00,0.00,0.00,0.00,0.00,99.93
2022-11-04,0.00,0.00,0.00,0.00,0.00,0.00,221.82
2022-11-05,0.00,0.00,0.00,0.00,0.00,0.00,122.83
2022-11-06,0.00,0.00,0.00,0.00,0.00,0.00,149.89
2022-11-07,0.00,0.00,0.00,0.00,0.00,0.00,719.72
2022-11-08,0.00,0.00,0.00,0.00,0.00,0.00,226.83
2022-11-09,0.00,0.00,0.00,0.00,0.00,0.00,454.85
2022-11-10,0.00,0.00,0.00,0.00,0.00,0.00,199.94
2022-11-11,0.00,0.00,0.00,0.00,0.00,0.00,271.87
2022-11-12,0.00,0.00,0.00,0.00,0.00,0.00,164.92
2022-11-13,0.00,0.00,0.00,0.00,0.00,0.00,164.91
2022-11-14,0.00,0.00,0.00,0.00,0.00,0.00,161.89
2022-11-15,0.00,0.00,0.00,0.00,0.00,0.00,212.92
2022-11-16,0.00,0.00,0.00,0.00,0.00,0.00,113.86
2022-11-17,0.00,0.00,0.00,0.00,0.00,0.00,114.91
2022-11-18,0.00,0.00,0.00,0.00,0.00,0.00,149.92
2022-11-19,0.00,0.00,0.00,0.00,0.00,0.00,19.98
2022-11-20,0.00,0.00,0.00,0.00,0.00,0.00,141.95
2022-11-21,0.00,0.00,0.00,0.00,0.00,0.00,164.94
2022-11-22,0.00,0.00,0.00,0.00,0.00,0.00,206.83
2022-11-23,0.00,0.00,0.00,0.00,0.00,0.00,191.89
2022-11-24,0.00,0.00,0.00,0.00,0.00,0.00,81.90
2022-11-25,0.00,0.00,0.00,0.00,0.00,0.00,84.91
2022-11-26,0.00,0.00,0.00,0.00,0.00,0.00,16.97
2022-11-27,0.00,0.00,0.00,0.00,0.00,0.00,309.90
2022-11-28,0.00,0.00,0.00,0.00,0.00,0.00,299.93
2022-11-29,0.00,0.00,0.00,0.00,0.00,0.00,201.87
2022-11-30,0.00,0.00,0.00,0.00,0.00,0.00,189.92
2022-12-01,0.00,0.00,0.00,0.00,0.00,0.00,504.89
2022-12-02,0.00,0.00,0.00,0.00,0.00,0.00,171.89
2022-12-03,0.00,0.00,0.00,0.00,0.00,0.00,148.86
2022-12-04,0.00,0.00,0.00,0.00,0.00,0.00,255.85
2022-12-05,0.00,0.00,0.00,0.00,0.00,0.00,126.89
2022-12-06,0.00,0.00,0.00,0.00,0.00,0.00,158.88
2022-12-07,0.00,0.00,0.00,0.00,0.00,0.00,159.91
2022-12-08,0.00,0.00,0.00,0.00,0.00,0.00,94.94
2022-12-09,0.00,0.00,0.00,0.00,0.00,0.00,139.88
2022-12-10,0.00,0.00,0.00,0.00,0.00,0.00,214.91
2022-12-11,0.00,0.00,0.00,0.00,0.00,0.00,134.89
2022-12-12,0.00,0.00,0.00,0.00,0.00,0.00,19.96
2022-12-13,0.00,0.00,0.00,0.00,0.00,0.00,66.82
2022-12-14,0.00,0.00,0.00,0.00,0.00,0.00,424.92
2022-12-15,0.00,0.00,0.00,0.00,0.00,0.00,351.90
2022-12-16,0.00,0.00,0.00,0.00,0.00,0.00,74.97
2022-12-17,0.00,0.00,0.00,0.00,0.00,0.00,101.91
2022-12-18,0.00,0.00,0.00,0.00,0.00,0.00,384.90
2022-12-19,0.00,0.00,0.00,0.00,0.00,0.00,374.87
2022-12-20,0.00,0.00,0.00,0.00,0.00,0.00,234.85
2022-12-21,0.00,0.00,0.00,0.00,0.00,0.00,91.92
2022-12-22,0.00,0.00,0.00,0.00,0.00,0.00,144.93
2022-12-23,0.00,0.00,0.00,0.00,0.00,0.00,34.96
2022-12-24,0.00,0.00,0.00,0.00,0.00,0.00,49.97
2022-12-25,0.00,0.00,0.00,0.00,0.00,0.00,19.97
2022-12-26,0.00,0.00,0.00,0.00,0.00,0.00,44.96
2022-12-27,0.00,0.00,0.00,0.00,0.00,0.00,363.86
2022-12-28,0.00,0.00,0.00,0.00,0.00,0.00,234.92
2022-12-29,0.00,0.00,0.00,0.00,0.00,0.00,64.90
2022-12-30,0.00,0.00,0.00,0.00,0.00,0.00,591.82
2022-12-31,0.00,0.00,0.00,0.00,0.00,0.00,259.88
2023-01-01,0.00,0.00,0.00,0.00,0.00,0.00,109.87
2023-01-02,0.00,0.00,0.00,0.00,0.00,0.00,109.96
2023-01-03,0.00,0.00,0.00,0.00,0.00,0.00,143.90
2023-01-04,0.00,0.00,0.00,0.00,0.00,0.00,164.86
2023-01-05,0.00,0.00,0.00,0.00,0.00,0.00,154.92
2023-01-06,0.00,0.00,0.00,0.00,0.00,0.00,109.92
2023-01-07,0.00,0.00,0.00,0.00,0.00,0.00,551.84
2023-01-08,0.00,0.00,0.00,0.00,0.00,0.00,279.87
2023-01-09,0.00,0.00,0.00,0.00,0.00,0.00,528.81
2023-01-10,0.00,0.00,0.00,0.00,0.00,0.00,219.81
2023-01-11,0.00,0.00,0.00,0.00,0.00,0.00,249.93
2023-01-12,0.00,0.00,0.00,0.00,0.00,0.00,125.92
2023-01-13,0.00,0.00,0.00,0.00,0.00,0.00,121.92
2023-01-14,0.00,0.00,0.00,0.00,0.00,0.00,39.97
2023-01-15,0.00,0.00,0.00,0.00,0.00,0.00,106.89
2023-01-16,0.00,0.00,0.00,0.00,0.00,0.00,69.95
2023-01-17,0.00,0.00,0.00,0.00,0.00,0.00,36.96
2023-01-18,0.00,0.00,0.00,0.00,0.00,0.00,154.90
2023-01-19,0.00,0.00,0.00,0.00,0.00,0.00,83.82
2023-01-20,0.00,0.00,0.00,0.00,0.00,0.00,144.89
2023-01-21,0.00,0.00,0.00,0.00,0.00,0.00,231.93
2023-01-22,0.00,0.00,0.00,0.00,0.00,0.00,94.93
2023-01-23,0.00,0.00,0.00,0.00,0.00,0.00,186.91
2023-01-24,0.00,0.00,0.00,0.00,0.00,0.00,303.82
2023-01-25,0.00,0.00,0.00,0.00,0.00,0.00,186.90
2023-01-26,0.00,0.00,0.00,0.00,0.00,0.00,89.94
2023-01-27,0.00,0.00,0.00,0.00,0.00,0.00,224.96
2023-01-28,0.00,0.00,0.00,0.00,0.00,0.00,74.90
2023-01-29,0.00,0.00,0.00,0.00,0.00,0.00,86.90
2023-01-30,0.00,0.00,0.00,0.00,0.00,0.00,66.90
2023-01-31,0.00,0.00,0.00,0.00,0.00,0.00,194.84
2023-02-01,0.00,0.00,0.00,0.00,0.00,0.00,254.89
2023-02-02,0.00,0.00,0.00,0.00,0.00,0.00,36.96
2023-02-03,0.00,0.00,0.00,0.00,0.00,0.00,474.92
2023-02-04,0.00,0.00,0.00,0.00,0.00,0.00,44.95
2023-02-05,0.00,0.00,0.00,0.00,0.00,0.00,174.89
2023-02-06,0.00,0.00,0.00,0.00,0.00,0.00,69.92
2023-02-07,0.00,0.00,0.00,0.00,0.00,0.00,138.75
2023-02-08,0.00,0.00,0.00,0.00,0.00,0.00,118.89
2023-02-09,0.00,0.00,0.00,0.00,0.00,0.00,121.92
2023-02-10,0.00,0.00,0.00,0.00,0.00,0.00,89.92
2023-02-11,0.00,0.00,0.00,0.00,0.00,0.00,185.88
2023-02-12,0.00,0.00,0.00,0.00,0.00,0.00,84.89
2023-02-13,0.00,0.00,0.00,0.00,0.00,0.00,234.88
2023-02-14,0.00,0.00,0.00,0.00,0.00,0.00,183.91
2023-02-15,0.00,0.00,0.00,0.00,0.00,0.00,171.88
2023-02-16,0.00,0.00,0.00,0.00,0.00,0.00,299.94
2023-02-17,0.00,0.00,0.00,0.00,0.00,0.00,56.93
2023-02-18,0.00,0.00,0.00,0.00,0.00,0.00,33.93
2023-02-19,0.00,0.00,0.00,0.00,0.00,0.00,249.84
2023-02-20,0.00,0.00,0.00,0.00,0.00,0.00,76.89
2023-02-21,0.00,0.00,0.00,0.00,0.00,0.00,129.81
2023-02-22,0.00,0.00,0.00,0.00,0.00,0.00,164.96
2023-02-23,0.00,0.00,0.00,0.00,0.00,0.00,339.87
2023-02-24,0.00,0.00,0.00,0.00,0.00,0.00,214.91
2023-02-25,0.00,0.00,0.00,0.00,0.00,0.00,98.90
2023-02-26,0.00,0.00,0.00,0.00,0.00,0.00,174.90
2023-02-27,0.00,0.00,0.00,0.00,0.00,0.00,224.89
2023-02-28,0.00,0.00,0.00,0.00,0.00,0.00,298.84
2023-03-01,0.00,0.00,0.00,0.00,0.00,0.00,474.66
2023-03-02,0.00,0.00,0.00,0.00,0.00,0.00,126.91
2023-03-03,0.00,0.00,0.00,0.00,0.00,0.00,134.91
2023-03-04,0.00,0.00,0.00,0.00,0.00,0.00,61.92
2023-03-05,0.00,0.00,0.00,0.00,0.00,0.00,64.94
2023-03-06,0.00,0.00,0.00,0.00,0.00,0.00,34.96
2023-03-07,0.00,0.00,0.00,0.00,0.00,0.00,308.87
2023-03-08,0.00,0.00,0.00,0.00,0.00,0.00,714.91
2023-03-09,0.00,0.00,0.00,0.00,0.00,0.00,201.90
2023-03-10,0.00,0.00,0.00,0.00,0.00,0.00,254.91
2023-03-11,0.00,0.00,0.00,0.00,0.00,0.00,664.91
2023-03-12,0.00,0.00,0.00,0.00,0.00,0.00,74.93
2023-03-13,0.00,0.00,0.00,0.00,0.00,0.00,119.88
2023-03-14,0.00,0.00,0.00,0.00,0.00,0.00,65.91
2023-03-15,0.00,0.00,0.00,0.00,0.00,0.00,94.91
2023-03-16,0.00,0.00,0.00,0.00,0.00,0.00,48.93
2023-03-17,0.00,0.00,0.00,0.00,0.00,0.00,84.96
2023-03-18,0.00,0.00,0.00,0.00,0.00,0.00,104.98
2023-03-19,0.00,0.00,0.00,0.00,0.00,0.00,179.92
2023-03-20,0.00,0.00,0.00,0.00,0.00,0.00,259.88
2023-03-21,0.00,0.00,0.00,0.00,0.00,0.00,68.84
2023-03-22,0.00,0.00,0.00,0.00,0.00,0.00,119.94
2023-03-23,0.00,0.00,0.00,0.00,0.00,0.00,4.99
2023-03-24,0.00,0.00,0.00,0.00,0.00,0.00,14.97
2023-03-25,0.00,0.00,0.00,0.00,0.00,0.00,89.95
2023-03-26,0.00,0.00,0.00,0.00,0.00,0.00,54.92
2023-03-27,0.00,0.00,0.00,0.00,0.00,0.00,79.96
2023-03-28,0.00,0.00,0.00,0.00,0.00,0.00,523.83
2023-03-29,0.00,0.00,0.00,0.00,0.00,0.00,379.86
2023-03-30,0.00,0.00,0.00,0.00,0.00,0.00,74.95
2023-03-31,0.00,0.00,0.00,0.00,0.00,0.00,49.94
2023-04-01,0.00,0.00,0.00,0.00,0.00,0.00,154.92
2023-04-02,0.00,0.00,0.00,0.00,0.00,0.00,89.93
2023-04-03,0.00,0.00,0.00,0.00,0.00,0.00,168.89
2023-04-04,0.00,0.00,0.00,0.00,0.00,0.00,50.91
2023-04-05,0.00,0.00,0.00,0.00,0.00,0.00,136.91
2023-04-06,0.00,0.00,0.00,0.00,0.00,0.00,46.94
2023-04-07,0.00,0.00,0.00,0.00,0.00,0.00,276.92
2023-04-08,0.00,0.00,0.00,0.00,0.00,0.00,314.93
2023-04-09,0.00,0.00,0.00,0.00,0.00,0.00,64.91
2023-04-10,0.00,0.00,0.00,0.00,0.00,0.00,63.92
2023-04-11,0.00,0.00,0.00,0.00,0.00,0.00,46.91
2023-04-12,0.00,0.00,0.00,0.00,0.00,0.00,11.97
2023-04-13,0.00,0.00,0.00,0.00,0.00,0.00,41.95
2023-04-14,0.00,0.00,0.00,0.00,0.00,0.00,251.92
2023-04-15,0.00,0.00,0.00,0.00,0.00,0.00,19.97
2023-04-16,0.00,0.00,0.00,0.00,0.00,0.00,65.90
2023-04-17,0.00,0.00,0.00,0.00,0.00,0.00,56.97
2023-04-18,0.00,0.00,0.00,0.00,0.00,0.00,141.85
2023-04-19,0.00,0.00,0.00,0.00,0.00,0.00,129.94
2023-04-20,0.00,0.00,0.00,0.00,0.00,0.00,81.95
2023-04-21,0.00,0.00,0.00,0.00,0.00,0.00,301.96
2023-04-22,0.00,0.00,0.00,0.00,0.00,0.00,104.98
2023-04-23,0.00,0.00,0.00,0.00,0.00,0.00,49.95
2023-04-24,0.00,0.00,0.00,0.00,0.00,0.00,219.94
2023-04-25,0.00,0.00,0.00,0.00,0.00,0.00,51.95
2023-04-26,0.00,0.00,0.00,0.00,0.00,0.00,71.95
2023-04-27,0.00,0.00,0.00,0.00,0.00,0.00,31.96
2023-04-28,0.00,0.00,0.00,0.00,0.00,0.00,95.91
2023-04-29,0.00,0.00,0.00,0.00,0.00,0.00,9.98
2023-04-30,0.00,0.00,0.00,0.00,0.00,0.00,133.86
2023-05-01,0.00,0.00,0.00,0.00,0.00,0.00,199.93
2023-05-02,0.00,0.00,0.00,0.00,0.00,0.00,158.76
2023-05-03,0.00,0.00,0.00,0.00,0.00,0.00,56.93
